arm_id,study_id,arm_label,is_nontraining_control_group,used_bfr,load_adjustments,progression,n,n_dropouts,proportion_male,age_m,age_sd,age_se,body_mass_m,body_mass_sd,body_mass_se,height_m,height_sd,height_se,bmi_m,bmi_sd,bmi_se,training_exp_m,training_exp_sd,training_exp_se
ishikawa2012a_hl,ishikawa2012a,HL,No,No,Yes,Yes,16,0,1,21.2,3.3,,81.4,8.9,,178.5,7.7,,,,,0,,
ishikawa2012a_ml,ishikawa2012a,ML,No,No,Yes,Yes,18,4,1,22.7,1.6,,80,7.2,,178.6,7.8,,,,,0,,
ishikawa2012a_ll,ishikawa2012a,LL,No,No,Yes,Yes,9,0,1,23.9,1.6,,77.2,9.8,,181.9,7.3,,,,,0,,
ishikawa2012a_con,ishikawa2012a,CON,Yes,No,,,15,0,1,22.9,2.5,,76.8,9.2,,177.1,7.1,,,,,0,,
zielinski2018a_fail,zielinski2018a,FAIL,No,No,Yes,Yes,18,1,0.63,22.3,2.1,,69,8.9,,170.9,5.4,,,,,0,,
zielinski2018a_rir3,zielinski2018a,RIR3,No,No,Yes,Yes,18,2,0.63,22.3,3.6,,69,11.6,,170.9,7.6,,,,,0,,
lindqvist2026a_2set,lindqvist2026a,2SET,No,No,Yes,Unclear,15,1,0,19.7,3.6,,60.4,11.3,,163,6.3,,,,,0,,
lindqvist2026a_5set,lindqvist2026a,5SET,No,No,Yes,Yes,21,3,0,23.7,2.8,,64.1,10.2,,166.8,6.1,,,,,0,,
jovanovic2026a_fail,jovanovic2026a,FAIL,No,No,Yes,Yes,9,1,1,24,3.8,,86.2,7.7,,176.2,5.1,,,,,1.9,1,
jovanovic2026a_rir3,jovanovic2026a,RIR3,No,No,Yes,Yes,10,2,1,24.3,2.4,,83.3,8.3,,176.6,5.9,,,,,5,1,
ekberg2013a_fail,ekberg2013a,FAIL,No,No,Yes,Yes,12,1,0.36,25.6,3.1,,74,10.5,,171.6,6.7,,,,,2.6,1,
ekberg2013a_rir3,ekberg2013a,RIR3,No,No,Yes,No,20,1,0.45,24.3,1.8,,68.6,8.6,,169.4,5.2,,,,,2.5,,
ekberg2013a_con,ekberg2013a,CON,Yes,No,,,15,1,0.6,23.8,3.8,,69.8,7.5,,166.5,7.3,,,,,4.6,,
iversen2023a_1set,iversen2023a,1SET,No,No,Yes,Yes,20,2,0.59,22.8,2.4,,69.9,9.3,,173.5,7,,,,,0,,
iversen2023a_2set,iversen2023a,2SET,No,No,Yes,Yes,18,3,0.62,25,3.6,,68,11.2,,170.4,6.5,,,,,0,,
iversen2023a_4set,iversen2023a,4SET,No,No,Yes,No,10,1,0.6,23.7,2.9,,66.5,8.4,,171.1,5.3,,,,,0,,
iversen2023a_6set,iversen2023a,6SET,No,No,Yes,Yes,13,2,0.64,23.7,2.7,,72.2,8.7,,172.3,5.6,,,,,0,,
iversen2023a_con,iversen2023a,CON,Yes,No,,,12,1,0.5,24.1,2.5,,74.1,9.1,,172.2,5.4,,,,,0,,
castellano2013a_fail,castellano2013a,FAIL,No,No,Yes,Yes,16,1,0.45,24.9,,,71.2,,2.7,172.6,,1.48,,,,0,,
castellano2013a_rir3,castellano2013a,RIR3,No,No,Yes,Yes,10,2,0.44,22.6,,,74.1,,2.61,172.5,,2.37,,,,0,,
oduya2021a_2set,oduya2021a,2SET,No,No,Yes,Yes,11,0,1,27.5,2.4,,82.7,11.4,,178,6.3,,,,,1.9,,
oduya2021a_5set,oduya2021a,5SET,No,No,Yes,Yes,14,0,1,24.2,1.6,,82.3,8.1,,178.1,6.2,,,,,2.1,1.4,
oduya2021a_con,oduya2021a,CON,Yes,No,,,14,2,1,20.2,1.5,,79.4,7.6,,177.3,6.4,,,,,3,1.4,
abernathy2017a_1set,abernathy2017a,1SET,No,No,Yes,No,20,2,1,23.6,3.9,,82,7,,176.6,6.5,,,,,5.2,1.4,
abernathy2017a_2set,abernathy2017a,2SET,No,No,Yes,Yes,15,2,1,20.8,3.9,,78.6,8,,177.9,6,,,,,4.4,,
abernathy2017a_4set,abernathy2017a,4SET,No,No,Yes,Yes,17,1,1,23.3,2.7,,79.5,11.8,,181.7,7.2,,,,,2.4,,
abernathy2017a_6set,abernathy2017a,6SET,No,No,Yes,Yes,11,2,1,23.4,3.1,,79,9.3,,181,5.5,,,,,5.9,1.7,
duarte2015a_2set,duarte2015a,2SET,No,No,Yes,Yes,8,1,0,18.7,4,,65.2,11.2,,165,6.2,,,,,0,,
duarte2015a_5set,duarte2015a,5SET,No,No,Yes,Yes,13,1,0,23,2.9,,60.7,10.1,,167.1,7.8,,,,,0,,
duarte2015a_con,duarte2015a,CON,Yes,No,,,13,4,0,26.8,1.9,,64.4,11.1,,164.4,7.5,,,,,0,,
delacroix2022a_hl,delacroix2022a,HL,No,No,Yes,Yes,15,,0.4,25,3,,69.3,10.4,,173,5.7,,,,,0,,
delacroix2022a_ml,delacroix2022a,ML,No,No,Yes,Yes,16,,0.36,22,2.6,,69.7,11,,170.4,5.5,,,,,0,,
delacroix2022a_ll,delacroix2022a,LL,No,No,Yes,No,12,,0.48,21.8,3.2,,68.3,11.3,,170.4,7.4,,,,,0,,
uribe2020a_hl,uribe2020a,HL,No,No,Yes,Yes,21,2,1,67,2,,77.2,11.9,,179.6,5.5,,,,,0,,
uribe2020a_ll,uribe2020a,LL,No,No,Yes,Yes,12,1,1,70.9,2.7,,85.7,10.2,,179,6.6,,,,,0,,
hartley2008a_fail,hartley2008a,FAIL,No,No,Yes,Yes,22,2,0,21.6,2.6,,64.3,9.8,,163.5,7.2,,,,,0,,
hartley2008a_rir3,hartley2008a,RIR3,No,No,Yes,Unclear,12,0,0,19,2.8,,62.3,10.2,,166.5,6.2,,,,,0,,
takeda2020a_2set,takeda2020a,2SET,No,No,Yes,Yes,13,3,1,25,2.2,,78.3,9,,179.7,6.9,,,,,5.9,1.6,
takeda2020a_5set,takeda2020a,5SET,No,No,Yes,Unclear,15,0,1,20.2,3.4,,81.3,7.2,,176.9,5.5,,,,,4.8,,
ishikawa2013a_f1,ishikawa2013a,F1,No,No,Yes,Yes,12,2,0,22.9,2.4,,65.4,10.2,,166.7,7.9,,,,,0,,
ishikawa2013a_f3,ishikawa2013a,F3,No,No,Yes,Yes,15,1,0,19.3,3.2,,59.6,10.8,,162.8,7.3,,,,,0,,
takeda2012a_fail,takeda2012a,FAIL,No,No,Yes,Yes,21,0,0,25.8,2.8,,56.4,10.3,,163.9,5.5,,,,,0,,
takeda2012a_rir3,takeda2012a,RIR3,No,No,Yes,Unclear,19,1,0,24.5,2.9,,66.4,9.2,,165.2,6.6,,,,,0,,
takeda2012a_con,takeda2012a,CON,Yes,No,,,15,2,0,21.4,2.5,,64.8,7.4,,165.2,5.4,,,,,0,,
delacroix2015a_hl,delacroix2015a,HL,No,No,Yes,Yes,16,1,0.46,22.6,2.4,,71.1,10.5,,174.4,5.7,,,,,1.7,,
delacroix2015a_ll,delacroix2015a,LL,No,No,Yes,Yes,21,1,0.43,22.7,2.3,,74.5,10.3,,170,7.1,,,,,5.1,,
delacroix2015a_con,delacroix2015a,CON,Yes,No,,,20,1,0.49,24.3,2.8,,72.7,7.8,,169,6.5,,,,,4.8,,
varga2020a_1set,varga2020a,1SET,No,No,Yes,No,20,,0,24.8,3.8,,65.5,7.3,,167.9,6.1,,,,,3.5,,
varga2020a_3set,varga2020a,3SET,No,No,Yes,Yes,8,,0,22.8,2.3,,62.6,7.7,,163.2,6.5,,,,,2.4,1.1,
varga2020a_5set,varga2020a,5SET,No,No,Yes,Yes,15,,0,27.1,3.6,,62,8.8,,167.3,7.5,,,,,4.1,,
varga2020a_con,varga2020a,CON,Yes,No,,,12,,0,27.9,1.7,,61.7,7.5,,162.7,6,,,,,2.9,,
delacroix2021a_hl,delacroix2021a,HL,No,No,Yes,Yes,20,,0,21.2,1.9,,64.8,10.7,,165,5.5,,,,,3.3,,
delacroix2021a_ll,delacroix2021a,LL,No,No,Yes,Unclear,20,,0,21.2,3.7,,64.8,7.7,,165,5.1,,,,,3.3,0.9,
uribe2005a_f1,uribe2005a,F1,No,No,Yes,Unclear,10,3,1,21.2,3.5,,80.6,11.6,,174.6,5.7,,,,,1.8,2.5,
uribe2005a_f3,uribe2005a,F3,No,No,Yes,Yes,21,1,1,22.2,3.7,,74.1,8.5,,174.9,5.2,,,,,4.2,,
takeda2007a_2set,takeda2007a,2SET,No,No,Yes,Unclear,18,,1,23.9,2.9,,81.4,11.6,,178.9,6.1,,,,,4.7,,
takeda2007a_5set,takeda2007a,5SET,No,No,Yes,Yes,9,,1,22.1,3.8,,77.8,7.2,,174.6,6.9,,,,,4.9,2.4,
takeda2007a_con,takeda2007a,CON,Yes,No,,,8,,1,23.6,3.1,,76,11.8,,176,7.1,,,,,4.3,0.9,
haugen2001a_f1,haugen2001a,F1,No,No,No,Yes,18,0,0,23.2,2.1,,61.7,10.3,,167.8,6.3,,,,,2.7,,
haugen2001a_f3,haugen2001a,F3,No,No,Yes,Yes,22,2,0,23.1,3.5,,63.4,11.3,,163.5,7.3,,,,,1.6,1.7,
haugen2001b_1set,haugen2001b,1SET,No,No,Yes,Yes,22,1,0.37,23.9,2.9,,66.9,10.6,,174.3,6.3,,,,,0,,
haugen2001b_3set,haugen2001b,3SET,No,No,Yes,Yes,22,1,0.52,23.4,3.3,,73.6,7.8,,170.7,5.3,,,,,0,,
haugen2001b_5set,haugen2001b,5SET,No,No,Yes,Yes,17,3,0.62,24.8,1.5,,77,8,,168.9,6.1,,,,,0,,
yilmaz2005a_f1,yilmaz2005a,F1,No,No,Yes,No,19,2,1,25.2,1.8,,79.6,9,,178.2,6.9,,25.1,3.1,,0,,
yilmaz2005a_f3,yilmaz2005a,F3,No,No,Yes,Yes,18,1,1,25.1,3.2,,82,9.3,,180.2,6.9,,25.3,2.5,,0,,
ekberg2024a_hl,ekberg2024a,HL,No,No,Yes,Unclear,18,2,0,20.9,3.2,,56.8,7.5,,162.5,6.1,,21.5,3.2,,0,,
ekberg2024a_ll,ekberg2024a,LL,No,No,Yes,No,18,2,0,21.4,1.8,,61,8.4,,167.5,6.6,,21.7,2.9,,0,,
ekberg2024a_con,ekberg2024a,CON,Yes,No,,,17,1,0,26.2,3,,63.9,10.3,,167.7,6.2,,22.7,2.6,,0,,
petrakis2007a_2set,petrakis2007a,2SET,No,No,Yes,No,11,,0.37,21.8,2.9,,71.2,7.3,,171,7.6,,,,,5,,
petrakis2007a_5set,petrakis2007a,5SET,No,No,Yes,No,11,,0.37,21.8,1.9,,71.2,9,,171,5.5,,,,,5,2.2,
ekberg2010a_hl,ekberg2010a,HL,No,No,No,No,16,2,0.61,25.2,2.9,,74.3,11.1,,170.9,7,,,,,4.3,1.7,
ekberg2010a_ll,ekberg2010a,LL,No,No,Yes,Yes,8,2,0.57,22.5,2.7,,69.6,8.5,,167.7,7.5,,,,,2.4,,
laurent2024a_fail,laurent2024a,FAIL,No,No,Yes,No,12,2,1,24.7,3.1,,81.5,10.7,,179.6,7.3,,,,,0,,
laurent2024a_rir3,laurent2024a,RIR3,No,No,Yes,Yes,8,1,1,23.4,2.1,,78,10.6,,176.6,5.3,,,,,0,,
yilmaz1999a_2set,yilmaz1999a,2SET,No,No,Yes,Yes,13,2,0,21.8,3,,62.1,7.5,,167.5,6.8,,22.1,3.1,,3,1.1,
yilmaz1999a_5set,yilmaz1999a,5SET,No,No,Yes,Yes,10,2,0,21,2.1,,68.4,8.6,,165.8,7.4,,24.9,2.3,,3.2,,
rosales2018a_fail,rosales2018a,FAIL,No,No,Yes,Yes,18,1,0.41,21.6,2.1,,70.1,7.6,,171.4,7.3,,,,,0,,
rosales2018a_rir1,rosales2018a,RIR1,No,No,Yes,Yes,13,1,0.44,21,2.2,,75.1,11.6,,168.8,6.9,,,,,0,,
rosales2018a_rir3,rosales2018a,RIR3,No,No,Yes,Yes,20,1,0.6,21.4,1.7,,71.8,12,,170.3,5.9,,,,,0,,
rosales2018a_con,rosales2018a,CON,Yes,No,,,22,3,0.46,22.1,2.6,,66.7,9.5,,170.5,5.1,,,,,0,,
lindqvist2010a_hl,lindqvist2010a,HL,No,No,No,Yes,9,1,0.38,70.8,2.3,,72.8,9.9,,172.6,5,,,,,0,,
lindqvist2010a_ll,lindqvist2010a,LL,No,No,No,No,19,0,0.43,66.8,2,,70.4,7.4,,172.8,7.6,,,,,0,,
lindqvist2010a_con,lindqvist2010a,CON,Yes,No,,,9,4,0.56,66.9,4.1,,71.4,10.6,,171.4,6.6,,,,,0,,
quinlan2011a_2set,quinlan2011a,2SET,No,No,Yes,Yes,17,1,1,25,3.5,,71.1,11.6,,178.7,7.1,,22.3,2.6,,0,,
quinlan2011a_5set,quinlan2011a,5SET,No,No,Yes,Unclear,17,2,1,24.5,2.2,,79.9,10.2,,178.8,5.1,,25,2.5,,0,,
quinlan2011a_con,quinlan2011a,CON,Yes,No,,,20,2,1,21.1,2.5,,78.9,10.3,,178.8,5.3,,24.7,2.2,,0,,
delacroix2018a_1set,delacroix2018a,1SET,No,No,Yes,Yes,20,2,1,23.3,2.9,,83.4,10.7,,178.5,7.9,,26.2,2.5,,3.3,1.2,
delacroix2018a_3set,delacroix2018a,3SET,No,No,Yes,No,19,1,1,24.1,2.8,,77.4,9.3,,180.5,7.8,,23.7,3.1,,4.6,,
delacroix2018a_5set,delacroix2018a,5SET,No,No,Yes,No,22,0,1,22.4,2.7,,78.7,9.1,,180,6.1,,24.3,3,,1.8,2.1,
moreau2010a_fail,moreau2010a,FAIL,No,No,Yes,Yes,19,,0.4,23.9,3,,74.5,10.7,,172.2,5.4,,,,,0,,
moreau2010a_rir3,moreau2010a,RIR3,No,No,Yes,Yes,19,,0.4,23.9,3.1,,74.5,8.1,,172.2,5.8,,,,,0,,
jansen2011a_fail,jansen2011a,FAIL,No,No,No,Yes,13,1,1,24.4,2.6,,79.5,9.6,,176.3,7.7,,,,,1.7,,
jansen2011a_rir3,jansen2011a,RIR3,No,No,No,Yes,14,1,1,25.4,3.7,,82.1,11.6,,177.9,5.5,,,,,3.8,1.1,
jansen2011a_con,jansen2011a,CON,Yes,No,,,14,1,1,21,3.5,,81.6,7.7,,179.5,5,,,,,2.1,1.2,
varga2015a_hl,varga2015a,HL,No,No,Yes,Unclear,12,2,1,24.9,1.7,,78.9,11.3,,181,5.6,,24.1,2.5,,5.2,2.5,
varga2015a_ll,varga2015a,LL,No,No,No,No,17,1,1,25.9,2.3,,84.1,10.4,,180.2,7.3,,25.9,3.1,,2.2,,
fairbanks2004a_f1,fairbanks2004a,F1,No,No,Yes,Yes,19,3,0,24.4,3.6,,64.5,8,,162.4,6,,,,,2.6,,
fairbanks2004a_f2,fairbanks2004a,F2,No,No,Yes,Yes,22,0,0,23.5,3.8,,59.7,8.2,,163.6,6.3,,,,,3.6,,
fairbanks2004a_f3,fairbanks2004a,F3,No,No,Yes,Yes,12,1,0,25,1.7,,58.1,8.6,,162.7,6.3,,,,,2.7,,
fairbanks2004a_con,fairbanks2004a,CON,Yes,No,,,17,0,0,23.9,2.1,,60.4,8,,164.8,6.6,,,,,5.5,,
jansen2021a_fail,jansen2021a,FAIL,No,No,Yes,Unclear,18,0,1,23.4,3.4,,79.4,10.4,,179.3,6.4,,,,,0,,
jansen2021a_rir3,jansen2021a,RIR3,No,No,Yes,No,13,2,1,22.1,3.7,,81.1,11.3,,176.9,5,,,,,0,,
gallardo2024a_f1,gallardo2024a,F1,No,No,Yes,Unclear,20,0,0.49,69,3.6,,72.9,10.2,,168.7,6.6,,,,,0,,
gallardo2024a_f3,gallardo2024a,F3,No,No,Yes,No,21,2,0.48,68.2,3.2,,71.3,10.8,,166.8,6,,,,,0,,
mwangi2026a_2set,mwangi2026a,2SET,No,No,Yes,Yes,11,0,1,25.3,2.1,,77,11.1,,180.1,7.5,,23.7,2.8,,4.2,,
mwangi2026a_5set,mwangi2026a,5SET,No,No,Yes,Yes,9,0,1,24.7,2.2,,84.8,11.2,,176.4,6.8,,27.3,3.2,,6,,
petrakis2016a_hl,petrakis2016a,HL,No,No,Yes,No,21,2,1,21.6,3.1,,81.2,10.4,,180.8,7.5,,,,,0,,
petrakis2016a_ml,petrakis2016a,ML,No,No,Yes,Yes,10,1,1,21.2,2.9,,79.1,9.4,,179.3,7.9,,,,,0,,
petrakis2016a_ll,petrakis2016a,LL,No,No,Yes,No,13,0,1,20.5,2.2,,77.2,7,,181.4,5.1,,,,,0,,
petrakis2016a_con,petrakis2016a,CON,Yes,No,,,19,2,1,21.9,3.6,,79.8,11.4,,179.1,7.6,,,,,0,,
ekberg2013b_fail,ekberg2013b,FAIL,No,No,Yes,Yes,18,1,0.54,67.6,,,69.5,,1.7,169.5,,1.18,24.2,1.8,,0,,
ekberg2013b_rir3,ekberg2013b,RIR3,No,No,Yes,No,17,2,0.61,68.2,,,69.7,,2.05,169.1,,1.87,24.4,2.4,,0,,
ekberg2013b_con,ekberg2013b,CON,Yes,No,,,9,5,0.38,68.4,,,65,,3.39,170.5,,1.85,22.4,2.2,,0,,
brennan2019a_hl,brennan2019a,HL,No,No,Yes,Yes,15,0,1,23.9,3.3,,77.7,8.5,,179.5,7.1,,,,,0,,
brennan2019a_ll,brennan2019a,LL,No,No,Yes,Yes,21,1,1,22,3,,80.7,11.6,,179.2,6.3,,,,,0,,
haugen2014a_hl,haugen2014a,HL,No,No,Yes,Yes,16,,0,22.5,1.7,,60.1,7.7,,169.6,6,,,,,4.4,,
haugen2014a_ll,haugen2014a,LL,No,No,Yes,Yes,16,,0,22.5,1.7,,60.1,9.8,,169.6,7.5,,,,,4.4,2.1,
petrakis2018a_fail,petrakis2018a,FAIL,No,No,Yes,Unclear,14,2,0.54,24.2,,,71.8,,2.83,169.4,,1.47,,,,4.3,,
petrakis2018a_rir3,petrakis2018a,RIR3,No,No,Yes,Yes,18,4,0.46,25.8,,,69.9,,1.72,171.7,,1.87,,,,2,,
delacroix2014a_f1,delacroix2014a,F1,No,No,Yes,Yes,19,,0.64,19.7,3,,70.1,7.2,,173.3,6.2,,,,,0,,
delacroix2014a_f3,delacroix2014a,F3,No,No,Yes,Unclear,19,,0.44,22.4,1.8,,75.4,10.7,,169.3,7.9,,,,,0,,
rahimi2020a_f1,rahimi2020a,F1,No,No,Yes,Yes,18,2,0.52,21.5,3.2,,66.8,7.3,,176.3,6.2,,,,,5.9,,
rahimi2020a_f3,rahimi2020a,F3,No,No,No,Yes,13,2,0.55,24.9,2.5,,70.2,9.7,,173.8,7.7,,,,,2.7,,
kaur2025a_2set,kaur2025a,2SET,No,No,No,Yes,16,,1,22.1,2.2,,77.1,8.6,,177.7,5.1,,,,,5.4,,
kaur2025a_5set,kaur2025a,5SET,No,No,Yes,No,12,,1,20.4,3.4,,79.9,7.8,,175.9,5.4,,,,,4.4,1.6,
yilmaz2003a_2set,yilmaz2003a,2SET,No,No,Yes,Yes,10,2,1,24.6,2,,82.7,11.8,,177.3,5.7,,,,,0,,
yilmaz2003a_5set,yilmaz2003a,5SET,No,No,Yes,Yes,19,1,1,24.9,2.6,,79,10.8,,178.7,6,,,,,0,,
abernathy2011a_hl,abernathy2011a,HL,No,No,Yes,No,13,,0.42,21.1,1.6,,70.5,7.3,,170.7,6.6,,,,,3.2,,
abernathy2011a_ml,abernathy2011a,ML,No,No,Yes,Yes,18,,0.52,24.1,1.6,,71.4,9.7,,174.6,5.3,,,,,2.6,,
abernathy2011a_ll,abernathy2011a,LL,No,No,Yes,Unclear,9,,0.43,21.1,3.7,,67.6,9.6,,171.1,7.5,,,,,4.4,,
