arm_id,measure_id,week,n,mean,sd,se
ishikawa2012a_hl,ishikawa2012a_m01,0,16,6677,1401.1,
ishikawa2012a_hl,ishikawa2012a_m01,15,16,7153,1451.5,
ishikawa2012a_hl,ishikawa2012a_m02,0,16,20,2.69,
ishikawa2012a_hl,ishikawa2012a_m02,15,16,21.1,2.84,
ishikawa2012a_hl,ishikawa2012a_m03,0,16,43.4,8.4,
ishikawa2012a_hl,ishikawa2012a_m03,15,16,52.5,9.13,
ishikawa2012a_hl,ishikawa2012a_m04,0,16,42.7,6.74,
ishikawa2012a_hl,ishikawa2012a_m04,15,16,45.2,7.34,
ishikawa2012a_hl,ishikawa2012a_m05,0,16,19.6,6.55,
ishikawa2012a_hl,ishikawa2012a_m05,15,16,21.1,7.01,
ishikawa2012a_hl,ishikawa2012a_m06,0,16,53.8,4.68,
ishikawa2012a_hl,ishikawa2012a_m06,15,16,54.5,4.7,
ishikawa2012a_ml,ishikawa2012a_m01,0,18,6184,1565.1,
ishikawa2012a_ml,ishikawa2012a_m01,15,18,6468,1717.4,
ishikawa2012a_ml,ishikawa2012a_m02,0,18,19.3,2.21,
ishikawa2012a_ml,ishikawa2012a_m02,15,18,20,2.37,
ishikawa2012a_ml,ishikawa2012a_m03,0,18,40.8,8.26,
ishikawa2012a_ml,ishikawa2012a_m03,15,18,50.5,8.25,
ishikawa2012a_ml,ishikawa2012a_m04,0,18,43.7,5.62,
ishikawa2012a_ml,ishikawa2012a_m04,15,18,47.6,5.61,
ishikawa2012a_ml,ishikawa2012a_m05,0,18,21.3,5.31,
ishikawa2012a_ml,ishikawa2012a_m05,15,18,25.8,5.48,
ishikawa2012a_ml,ishikawa2012a_m06,0,18,57.7,4.95,
ishikawa2012a_ml,ishikawa2012a_m06,15,18,58.2,4.98,
ishikawa2012a_ll,ishikawa2012a_m01,0,9,6230,1385.2,
ishikawa2012a_ll,ishikawa2012a_m01,15,9,6507,1476.9,
ishikawa2012a_ll,ishikawa2012a_m02,0,9,19.3,2.7,
ishikawa2012a_ll,ishikawa2012a_m02,15,9,20.7,2.96,
ishikawa2012a_ll,ishikawa2012a_m03,0,9,42.5,8.49,
ishikawa2012a_ll,ishikawa2012a_m03,15,9,48.9,9.05,
ishikawa2012a_ll,ishikawa2012a_m04,0,9,41.7,5.55,
ishikawa2012a_ll,ishikawa2012a_m04,15,9,44.2,5.41,
ishikawa2012a_ll,ishikawa2012a_m05,0,9,20.6,5.1,
ishikawa2012a_ll,ishikawa2012a_m05,15,9,27.5,5.22,
ishikawa2012a_ll,ishikawa2012a_m06,0,9,56.6,4.83,
ishikawa2012a_ll,ishikawa2012a_m06,15,9,58.8,4.76,
ishikawa2012a_con,ishikawa2012a_m01,0,15,6284,1295,
ishikawa2012a_con,ishikawa2012a_m01,15,15,6136,1342.9,
ishikawa2012a_con,ishikawa2012a_m02,0,15,21.1,2.58,
ishikawa2012a_con,ishikawa2012a_m02,15,15,21,2.62,
ishikawa2012a_con,ishikawa2012a_m03,0,15,40.3,9.3,
ishikawa2012a_con,ishikawa2012a_m03,15,15,41.9,9.18,
ishikawa2012a_con,ishikawa2012a_m04,0,15,42.2,5.34,
ishikawa2012a_con,ishikawa2012a_m04,15,15,43.2,5.36,
ishikawa2012a_con,ishikawa2012a_m05,0,15,21.4,5.81,
ishikawa2012a_con,ishikawa2012a_m05,15,15,20,6.38,
ishikawa2012a_con,ishikawa2012a_m06,0,15,54.4,3.86,
ishikawa2012a_con,ishikawa2012a_m06,15,15,55.4,3.94,
zielinski2018a_fail,zielinski2018a_m01,0,18,99,18.77,
zielinski2018a_fail,zielinski2018a_m01,10,18,115.7,19.96,
zielinski2018a_fail,zielinski2018a_m02,0,18,5309,1367.7,
zielinski2018a_fail,zielinski2018a_m02,10,18,5747,1429.1,
zielinski2018a_fail,zielinski2018a_m03,0,18,18.3,2.47,
zielinski2018a_fail,zielinski2018a_m03,10,18,19.3,2.7,
zielinski2018a_fail,zielinski2018a_m04,0,18,192,40.1,
zielinski2018a_fail,zielinski2018a_m04,10,18,236,39.5,
zielinski2018a_fail,zielinski2018a_m05,0,18,17.4,4.83,
zielinski2018a_fail,zielinski2018a_m05,10,18,22.6,4.73,
zielinski2018a_rir3,zielinski2018a_m01,0,18,99.2,17.67,
zielinski2018a_rir3,zielinski2018a_m01,10,18,112.3,17.3,
zielinski2018a_rir3,zielinski2018a_m02,0,18,5968,1114.6,
zielinski2018a_rir3,zielinski2018a_m02,10,18,6111,1061.2,
zielinski2018a_rir3,zielinski2018a_m03,0,18,18.8,2.45,
zielinski2018a_rir3,zielinski2018a_m03,10,18,19.2,2.41,
zielinski2018a_rir3,zielinski2018a_m04,0,18,186,41.9,
zielinski2018a_rir3,zielinski2018a_m04,10,18,220,39.9,
zielinski2018a_rir3,zielinski2018a_m05,0,18,18.1,5.46,
zielinski2018a_rir3,zielinski2018a_m05,10,18,18.7,5.48,
lindqvist2026a_2set,lindqvist2026a_m01,0,15,39,7.89,
lindqvist2026a_2set,lindqvist2026a_m01,3,15,44.3,8.08,
lindqvist2026a_2set,lindqvist2026a_m01,7,15,47.7,8.28,
lindqvist2026a_2set,lindqvist2026a_m02,0,15,4846,928.2,
lindqvist2026a_2set,lindqvist2026a_m02,3,15,4849,921.6,
lindqvist2026a_2set,lindqvist2026a_m02,7,15,5051,915,
lindqvist2026a_2set,lindqvist2026a_m03,0,15,17.3,2.66,
lindqvist2026a_2set,lindqvist2026a_m03,3,15,18,2.71,
lindqvist2026a_2set,lindqvist2026a_m03,7,15,18.4,2.77,
lindqvist2026a_2set,lindqvist2026a_m04,0,15,27.2,3.61,
lindqvist2026a_2set,lindqvist2026a_m04,3,15,27.2,3.79,
lindqvist2026a_2set,lindqvist2026a_m04,7,15,28.1,3.96,
lindqvist2026a_5set,lindqvist2026a_m01,0,21,42.2,7.72,
lindqvist2026a_5set,lindqvist2026a_m01,3,21,47.6,7.55,
lindqvist2026a_5set,lindqvist2026a_m01,7,21,52.6,7.38,
lindqvist2026a_5set,lindqvist2026a_m02,0,21,4566,1188,
lindqvist2026a_5set,lindqvist2026a_m02,3,21,5004,1165.2,
lindqvist2026a_5set,lindqvist2026a_m02,7,21,5380,1142.4,
lindqvist2026a_5set,lindqvist2026a_m03,0,21,16.9,3.09,
lindqvist2026a_5set,lindqvist2026a_m03,3,21,17.9,3.09,
lindqvist2026a_5set,lindqvist2026a_m03,7,21,18.4,3.09,
lindqvist2026a_5set,lindqvist2026a_m04,0,21,28.4,3.66,
lindqvist2026a_5set,lindqvist2026a_m04,3,21,29.6,3.61,
lindqvist2026a_5set,lindqvist2026a_m04,7,21,30.4,3.56,
jovanovic2026a_fail,jovanovic2026a_m01,0,9,36.2,7.13,
jovanovic2026a_fail,jovanovic2026a_m01,4,9,38,7.17,
jovanovic2026a_fail,jovanovic2026a_m01,9,9,39.8,7.22,
jovanovic2026a_fail,jovanovic2026a_m02,0,9,51.6,10.8,
jovanovic2026a_fail,jovanovic2026a_m02,4,9,57.5,11.33,
jovanovic2026a_fail,jovanovic2026a_m02,9,9,60.4,11.86,
jovanovic2026a_rir3,jovanovic2026a_m01,0,10,33.2,7.03,
jovanovic2026a_rir3,jovanovic2026a_m01,4,10,35.6,7.02,
jovanovic2026a_rir3,jovanovic2026a_m01,9,10,35.7,7,
jovanovic2026a_rir3,jovanovic2026a_m02,0,10,51.9,9.46,
jovanovic2026a_rir3,jovanovic2026a_m02,4,10,55.9,9.71,
jovanovic2026a_rir3,jovanovic2026a_m02,9,10,61.3,9.96,
ekberg2013a_fail,ekberg2013a_m01,0,12,257,55.5,
ekberg2013a_fail,ekberg2013a_m01,14,12,287,53.5,
ekberg2013a_fail,ekberg2013a_m02,0,12,42.4,5.08,
ekberg2013a_fail,ekberg2013a_m02,14,12,41.2,4.87,
ekberg2013a_rir3,ekberg2013a_m01,0,20,238,56,
ekberg2013a_rir3,ekberg2013a_m01,14,20,276,53.6,
ekberg2013a_rir3,ekberg2013a_m02,0,20,40.9,5.18,
ekberg2013a_rir3,ekberg2013a_m02,14,20,43.3,5.23,
ekberg2013a_con,ekberg2013a_m01,0,15,211,45.5,
ekberg2013a_con,ekberg2013a_m01,14,15,211,47.5,
ekberg2013a_con,ekberg2013a_m02,0,15,37.3,5.55,
ekberg2013a_con,ekberg2013a_m02,14,15,34.8,6.09,
iversen2023a_1set,iversen2023a_m01,0,20,5692,1214.2,
iversen2023a_1set,iversen2023a_m01,6,20,6029,1184.5,
iversen2023a_1set,iversen2023a_m01,13,20,6353,1154.7,
iversen2023a_1set,iversen2023a_m02,0,20,89.4,18.17,
iversen2023a_1set,iversen2023a_m02,6,20,97.1,17.81,
iversen2023a_1set,iversen2023a_m02,13,20,107.3,17.46,
iversen2023a_1set,iversen2023a_m03,0,20,26.6,4.38,
iversen2023a_1set,iversen2023a_m03,6,20,27.5,4.41,
iversen2023a_1set,iversen2023a_m03,13,20,28.7,4.44,
iversen2023a_1set,iversen2023a_m04,0,20,33.4,3.69,
iversen2023a_1set,iversen2023a_m04,6,20,33.9,3.83,
iversen2023a_1set,iversen2023a_m04,13,20,34.4,3.97,
iversen2023a_1set,iversen2023a_m05,0,20,17.7,5.92,
iversen2023a_1set,iversen2023a_m05,6,20,19.4,6.06,
iversen2023a_1set,iversen2023a_m05,13,20,19.9,6.2,
iversen2023a_2set,iversen2023a_m01,0,18,5546,1370.8,
iversen2023a_2set,iversen2023a_m01,6,18,5723,1400.4,
iversen2023a_2set,iversen2023a_m01,13,18,5821,1430.1,
iversen2023a_2set,iversen2023a_m02,0,18,100.4,18.02,
iversen2023a_2set,iversen2023a_m02,6,18,111.9,18.78,
iversen2023a_2set,iversen2023a_m02,13,18,118.5,19.54,
iversen2023a_2set,iversen2023a_m03,0,18,26.5,5.3,
iversen2023a_2set,iversen2023a_m03,6,18,27.1,5.19,
iversen2023a_2set,iversen2023a_m03,13,18,27.9,5.08,
iversen2023a_2set,iversen2023a_m04,0,18,32.7,4.13,
iversen2023a_2set,iversen2023a_m04,6,18,33.5,4.23,
iversen2023a_2set,iversen2023a_m04,13,18,34.8,4.34,
iversen2023a_2set,iversen2023a_m05,0,18,19,5.22,
iversen2023a_2set,iversen2023a_m05,6,18,20.8,5.24,
iversen2023a_2set,iversen2023a_m05,13,18,22.8,5.25,
iversen2023a_4set,iversen2023a_m01,0,10,5056,1284.9,
iversen2023a_4set,iversen2023a_m01,6,10,5234,1273.6,
iversen2023a_4set,iversen2023a_m01,13,10,5552,1262.2,
iversen2023a_4set,iversen2023a_m02,0,10,82.2,20.4,
iversen2023a_4set,iversen2023a_m02,6,10,92.9,20.1,
iversen2023a_4set,iversen2023a_m02,13,10,99.4,19.79,
iversen2023a_4set,iversen2023a_m03,0,10,27.7,4.92,
iversen2023a_4set,iversen2023a_m03,6,10,29.3,5.01,
iversen2023a_4set,iversen2023a_m03,13,10,29.9,5.11,
iversen2023a_4set,iversen2023a_m04,0,10,35.1,4.84,
iversen2023a_4set,iversen2023a_m04,6,10,35.6,5.03,
iversen2023a_4set,iversen2023a_m04,13,10,36.1,5.21,
iversen2023a_4set,iversen2023a_m05,0,10,18.6,5.32,
iversen2023a_4set,iversen2023a_m05,6,10,21.2,5.41,
iversen2023a_4set,iversen2023a_m05,13,10,22.9,5.51,
iversen2023a_6set,iversen2023a_m01,0,13,5019,1337.7,
iversen2023a_6set,iversen2023a_m01,6,13,5263,1367.4,
iversen2023a_6set,iversen2023a_m01,13,13,5491,1397.1,
iversen2023a_6set,iversen2023a_m02,0,13,82.3,16.46,
iversen2023a_6set,iversen2023a_m02,6,13,94.6,16.38,
iversen2023a_6set,iversen2023a_m02,13,13,105.5,16.3,
iversen2023a_6set,iversen2023a_m03,0,13,27,5.15,
iversen2023a_6set,iversen2023a_m03,6,13,28.5,5.21,
iversen2023a_6set,iversen2023a_m03,13,13,28.9,5.28,
iversen2023a_6set,iversen2023a_m04,0,13,31.3,4.85,
iversen2023a_6set,iversen2023a_m04,6,13,32.3,4.98,
iversen2023a_6set,iversen2023a_m04,13,13,33.5,5.11,
iversen2023a_6set,iversen2023a_m05,0,13,17.7,6.09,
iversen2023a_6set,iversen2023a_m05,6,13,20.6,6.09,
iversen2023a_6set,iversen2023a_m05,13,13,21.7,6.08,
iversen2023a_con,iversen2023a_m01,0,12,5798,1270.5,
iversen2023a_con,iversen2023a_m01,6,12,5703,1239.9,
iversen2023a_con,iversen2023a_m01,13,12,5421,1209.3,
iversen2023a_con,iversen2023a_m02,0,12,90.4,20.98,
iversen2023a_con,iversen2023a_m02,6,12,89.2,20.64,
iversen2023a_con,iversen2023a_m02,13,12,90.8,20.3,
iversen2023a_con,iversen2023a_m03,0,12,26.1,4.84,
iversen2023a_con,iversen2023a_m03,6,12,26.5,4.83,
iversen2023a_con,iversen2023a_m03,13,12,26.3,4.82,
iversen2023a_con,iversen2023a_m04,0,12,32.6,4.74,
iversen2023a_con,iversen2023a_m04,6,12,32.7,4.64,
iversen2023a_con,iversen2023a_m04,13,12,32.3,4.53,
iversen2023a_con,iversen2023a_m05,0,12,19.7,5.24,
iversen2023a_con,iversen2023a_m05,6,12,19.1,5.16,
iversen2023a_con,iversen2023a_m05,13,12,19.5,5.08,
castellano2013a_fail,castellano2013a_m01,0,16,191,,9.3
castellano2013a_fail,castellano2013a_m01,11,16,249,,10.2
castellano2013a_fail,castellano2013a_m02,0,16,35.7,,1.43
castellano2013a_fail,castellano2013a_m02,11,16,39,,1.53
castellano2013a_fail,castellano2013a_m03,0,16,28.6,,1.23
castellano2013a_fail,castellano2013a_m03,11,16,30.9,,1.22
castellano2013a_fail,castellano2013a_m04,0,16,32.9,,1
castellano2013a_fail,castellano2013a_m04,11,16,35.9,,1.08
castellano2013a_fail,castellano2013a_m05,0,16,53.6,,1.21
castellano2013a_fail,castellano2013a_m05,11,16,55,,1.17
castellano2013a_rir3,castellano2013a_m01,0,10,177,,12.9
castellano2013a_rir3,castellano2013a_m01,11,10,229,,12.4
castellano2013a_rir3,castellano2013a_m02,0,10,37.7,,1.74
castellano2013a_rir3,castellano2013a_m02,11,10,41.3,,1.79
castellano2013a_rir3,castellano2013a_m03,0,10,27.1,,1.6
castellano2013a_rir3,castellano2013a_m03,11,10,29.4,,1.72
castellano2013a_rir3,castellano2013a_m04,0,10,32.6,,1.43
castellano2013a_rir3,castellano2013a_m04,11,10,34.3,,1.48
castellano2013a_rir3,castellano2013a_m05,0,10,53,,1.4
castellano2013a_rir3,castellano2013a_m05,11,10,53.4,,1.38
oduya2021a_2set,oduya2021a_m01,0,11,6890,1320.2,
oduya2021a_2set,oduya2021a_m01,6,11,7147,1376.8,
oduya2021a_2set,oduya2021a_m01,12,11,7426,1433.3,
oduya2021a_2set,oduya2021a_m02,0,11,288,71.4,
oduya2021a_2set,oduya2021a_m02,6,11,332,70.4,
oduya2021a_2set,oduya2021a_m02,12,11,354,69.4,
oduya2021a_2set,oduya2021a_m03,0,11,143.7,32.1,
oduya2021a_2set,oduya2021a_m03,6,11,150.4,32.91,
oduya2021a_2set,oduya2021a_m03,12,11,158.9,33.71,
oduya2021a_2set,oduya2021a_m04,0,11,267.9,50.52,
oduya2021a_2set,oduya2021a_m04,6,11,272.3,52.35,
oduya2021a_2set,oduya2021a_m04,12,11,283.8,54.18,
oduya2021a_2set,oduya2021a_m05,0,11,58.3,6.3,
oduya2021a_2set,oduya2021a_m05,6,11,59.6,6.52,
oduya2021a_2set,oduya2021a_m05,12,11,60.6,6.74,
oduya2021a_2set,oduya2021a_m06,0,11,13.3,5.41,
oduya2021a_2set,oduya2021a_m06,6,11,13.1,5.55,
oduya2021a_2set,oduya2021a_m06,12,11,13.8,5.7,
oduya2021a_2set,oduya2021a_m07,0,11,17.6,5.03,
oduya2021a_2set,oduya2021a_m07,6,11,18.5,5.07,
oduya2021a_2set,oduya2021a_m07,12,11,20,5.11,
oduya2021a_5set,oduya2021a_m01,0,14,6580,1573.7,
oduya2021a_5set,oduya2021a_m01,6,14,6864,1647.1,
oduya2021a_5set,oduya2021a_m01,12,14,6820,1720.4,
oduya2021a_5set,oduya2021a_m02,0,14,313,62.6,
oduya2021a_5set,oduya2021a_m02,6,14,345,63.3,
oduya2021a_5set,oduya2021a_m02,12,14,383,64.1,
oduya2021a_5set,oduya2021a_m03,0,14,139.2,30.77,
oduya2021a_5set,oduya2021a_m03,6,14,144.2,30.82,
oduya2021a_5set,oduya2021a_m03,12,14,154.9,30.86,
oduya2021a_5set,oduya2021a_m04,0,14,267.3,46.41,
oduya2021a_5set,oduya2021a_m04,6,14,293,48.19,
oduya2021a_5set,oduya2021a_m04,12,14,308.3,49.98,
oduya2021a_5set,oduya2021a_m05,0,14,59.5,8.09,
oduya2021a_5set,oduya2021a_m05,6,14,58.4,8.48,
oduya2021a_5set,oduya2021a_m05,12,14,60.9,8.87,
oduya2021a_5set,oduya2021a_m06,0,14,16.5,4.6,
oduya2021a_5set,oduya2021a_m06,6,14,16.2,4.76,
oduya2021a_5set,oduya2021a_m06,12,14,15.9,4.92,
oduya2021a_5set,oduya2021a_m07,0,14,18.5,4.82,
oduya2021a_5set,oduya2021a_m07,6,14,19.4,4.89,
oduya2021a_5set,oduya2021a_m07,12,14,20.8,4.97,
oduya2021a_con,oduya2021a_m01,0,14,7812,1425.3,
oduya2021a_con,oduya2021a_m01,6,14,7808,1489.1,
oduya2021a_con,oduya2021a_m01,12,14,8032,1553,
oduya2021a_con,oduya2021a_m02,0,14,271,58.6,
oduya2021a_con,oduya2021a_m02,6,14,262,60.1,
oduya2021a_con,oduya2021a_m02,12,14,265,61.7,
oduya2021a_con,oduya2021a_m03,0,14,142.9,28.92,
oduya2021a_con,oduya2021a_m03,6,14,143.3,29.86,
oduya2021a_con,oduya2021a_m03,12,14,140.9,30.8,
oduya2021a_con,oduya2021a_m04,0,14,259.9,55.01,
oduya2021a_con,oduya2021a_m04,6,14,259.4,54.61,
oduya2021a_con,oduya2021a_m04,12,14,270.6,54.21,
oduya2021a_con,oduya2021a_m05,0,14,59.7,6.3,
oduya2021a_con,oduya2021a_m05,6,14,58.9,6.6,
oduya2021a_con,oduya2021a_m05,12,14,58.6,6.89,
oduya2021a_con,oduya2021a_m06,0,14,12.4,4.77,
oduya2021a_con,oduya2021a_m06,6,14,11.9,4.69,
oduya2021a_con,oduya2021a_m06,12,14,11.6,4.61,
oduya2021a_con,oduya2021a_m07,0,14,16.3,5.87,
oduya2021a_con,oduya2021a_m07,6,14,17.7,6.03,
oduya2021a_con,oduya2021a_m07,12,14,17.5,6.18,
abernathy2017a_1set,abernathy2017a_m01,0,20,284,70.8,
abernathy2017a_1set,abernathy2017a_m01,7,20,299,72.9,
abernathy2017a_1set,abernathy2017a_m01,15,20,317,74.9,
abernathy2017a_1set,abernathy2017a_m02,0,20,22.2,2.97,
abernathy2017a_1set,abernathy2017a_m02,7,20,22.3,2.93,
abernathy2017a_1set,abernathy2017a_m02,15,20,22.7,2.89,
abernathy2017a_2set,abernathy2017a_m01,0,15,308,65.8,
abernathy2017a_2set,abernathy2017a_m01,7,15,338,66.6,
abernathy2017a_2set,abernathy2017a_m01,15,15,355,67.4,
abernathy2017a_2set,abernathy2017a_m02,0,15,22.5,2.65,
abernathy2017a_2set,abernathy2017a_m02,7,15,22.5,2.76,
abernathy2017a_2set,abernathy2017a_m02,15,15,22.5,2.86,
abernathy2017a_4set,abernathy2017a_m01,0,17,291,62.9,
abernathy2017a_4set,abernathy2017a_m01,7,17,319,62.5,
abernathy2017a_4set,abernathy2017a_m01,15,17,334,62.2,
abernathy2017a_4set,abernathy2017a_m02,0,17,22.6,3.02,
abernathy2017a_4set,abernathy2017a_m02,7,17,22.9,3.07,
abernathy2017a_4set,abernathy2017a_m02,15,17,23,3.12,
abernathy2017a_6set,abernathy2017a_m01,0,11,276,59.9,
abernathy2017a_6set,abernathy2017a_m01,7,11,294,62.4,
abernathy2017a_6set,abernathy2017a_m01,15,11,322,64.9,
abernathy2017a_6set,abernathy2017a_m02,0,11,23.4,2.97,
abernathy2017a_6set,abernathy2017a_m02,7,11,23.4,2.9,
abernathy2017a_6set,abernathy2017a_m02,15,11,23.3,2.82,
duarte2015a_2set,duarte2015a_m01,0,8,30.6,4.88,
duarte2015a_2set,duarte2015a_m01,15,8,31.5,4.77,
duarte2015a_2set,duarte2015a_m02,0,8,26.2,3.93,
duarte2015a_2set,duarte2015a_m02,15,8,26.7,4.14,
duarte2015a_2set,duarte2015a_m03,0,8,71.2,15.19,
duarte2015a_2set,duarte2015a_m03,15,8,78.4,15.45,
duarte2015a_5set,duarte2015a_m01,0,13,32.1,5.14,
duarte2015a_5set,duarte2015a_m01,15,13,33.1,5.5,
duarte2015a_5set,duarte2015a_m02,0,13,26.6,3.42,
duarte2015a_5set,duarte2015a_m02,15,13,27.6,3.75,
duarte2015a_5set,duarte2015a_m03,0,13,71,12.71,
duarte2015a_5set,duarte2015a_m03,15,13,86,12.34,
duarte2015a_con,duarte2015a_m01,0,13,32.8,3.88,
duarte2015a_con,duarte2015a_m01,15,13,32.6,3.83,
duarte2015a_con,duarte2015a_m02,0,13,27.1,3.54,
duarte2015a_con,duarte2015a_m02,15,13,27.4,3.88,
duarte2015a_con,duarte2015a_m03,0,13,71.5,14.2,
duarte2015a_con,duarte2015a_m03,15,13,72.2,13.91,
delacroix2022a_hl,delacroix2022a_m01,0,15,174.4,33.1,
delacroix2022a_hl,delacroix2022a_m01,17,15,209.8,33.49,
delacroix2022a_hl,delacroix2022a_m02,0,15,20.8,2.95,
delacroix2022a_hl,delacroix2022a_m02,17,15,23,3.23,
delacroix2022a_hl,delacroix2022a_m03,0,15,51,6.7,
delacroix2022a_hl,delacroix2022a_m03,17,15,52.4,7.12,
delacroix2022a_ml,delacroix2022a_m01,0,16,186.1,33.77,
delacroix2022a_ml,delacroix2022a_m01,17,16,218.8,33.14,
delacroix2022a_ml,delacroix2022a_m02,0,16,20.5,2.93,
delacroix2022a_ml,delacroix2022a_m02,17,16,21.6,2.92,
delacroix2022a_ml,delacroix2022a_m03,0,16,50.3,6.13,
delacroix2022a_ml,delacroix2022a_m03,17,16,51.1,5.89,
delacroix2022a_ll,delacroix2022a_m01,0,12,168,38.63,
delacroix2022a_ll,delacroix2022a_m01,17,12,199.4,37.52,
delacroix2022a_ll,delacroix2022a_m02,0,12,20.4,3.01,
delacroix2022a_ll,delacroix2022a_m02,17,12,21,3.24,
delacroix2022a_ll,delacroix2022a_m03,0,12,53.2,6.38,
delacroix2022a_ll,delacroix2022a_m03,17,12,53.7,6.76,
uribe2020a_hl,uribe2020a_m01,0,21,31.2,4.23,
uribe2020a_hl,uribe2020a_m01,6,21,31.4,4.36,
uribe2020a_hl,uribe2020a_m01,13,21,31.3,4.49,
uribe2020a_hl,uribe2020a_m02,0,21,5619,1314.6,
uribe2020a_hl,uribe2020a_m02,6,21,5713,1323.2,
uribe2020a_hl,uribe2020a_m02,13,21,5918,1331.8,
uribe2020a_hl,uribe2020a_m03,0,21,163,42.4,
uribe2020a_hl,uribe2020a_m03,6,21,181,44,
uribe2020a_hl,uribe2020a_m03,13,21,189,45.7,
uribe2020a_hl,uribe2020a_m04,0,21,19.8,3.15,
uribe2020a_hl,uribe2020a_m04,6,21,19.7,3.1,
uribe2020a_hl,uribe2020a_m04,13,21,20.1,3.05,
uribe2020a_hl,uribe2020a_m05,0,21,59.1,6.69,
uribe2020a_hl,uribe2020a_m05,6,21,59.4,6.84,
uribe2020a_hl,uribe2020a_m05,13,21,60.1,7,
uribe2020a_hl,uribe2020a_m06,0,21,12.6,4.92,
uribe2020a_hl,uribe2020a_m06,6,21,12.4,5.01,
uribe2020a_hl,uribe2020a_m06,13,21,11.6,5.1,
uribe2020a_ll,uribe2020a_m01,0,12,31.9,4.02,
uribe2020a_ll,uribe2020a_m01,6,12,32.5,3.99,
uribe2020a_ll,uribe2020a_m01,13,12,33.3,3.96,
uribe2020a_ll,uribe2020a_m02,0,12,5379,1065.2,
uribe2020a_ll,uribe2020a_m02,6,12,5589,1062.5,
uribe2020a_ll,uribe2020a_m02,13,12,5605,1059.7,
uribe2020a_ll,uribe2020a_m03,0,12,193,38.1,
uribe2020a_ll,uribe2020a_m03,6,12,212,39.8,
uribe2020a_ll,uribe2020a_m03,13,12,229,41.5,
uribe2020a_ll,uribe2020a_m04,0,12,20.1,3.58,
uribe2020a_ll,uribe2020a_m04,6,12,20.7,3.52,
uribe2020a_ll,uribe2020a_m04,13,12,21.4,3.45,
uribe2020a_ll,uribe2020a_m05,0,12,57.7,6.5,
uribe2020a_ll,uribe2020a_m05,6,12,60.3,6.34,
uribe2020a_ll,uribe2020a_m05,13,12,59.2,6.19,
uribe2020a_ll,uribe2020a_m06,0,12,14.9,4.85,
uribe2020a_ll,uribe2020a_m06,6,12,15.7,5.02,
uribe2020a_ll,uribe2020a_m06,13,12,14.8,5.19,
hartley2008a_fail,hartley2008a_m01,0,22,150,33.7,
hartley2008a_fail,hartley2008a_m01,17,22,179,32.3,
hartley2008a_fail,hartley2008a_m02,0,22,26.9,3.33,
hartley2008a_fail,hartley2008a_m02,17,22,28.5,3.66,
hartley2008a_fail,hartley2008a_m03,0,22,31.8,5,
hartley2008a_fail,hartley2008a_m03,17,22,33.2,5.22,
hartley2008a_fail,hartley2008a_m04,0,22,41.8,5.77,
hartley2008a_fail,hartley2008a_m04,17,22,43.5,5.79,
hartley2008a_fail,hartley2008a_m05,0,22,18.4,6.58,
hartley2008a_fail,hartley2008a_m05,17,22,16.9,6.66,
hartley2008a_rir3,hartley2008a_m01,0,12,149,31.4,
hartley2008a_rir3,hartley2008a_m01,17,12,178,34.3,
hartley2008a_rir3,hartley2008a_m02,0,12,27.3,3.79,
hartley2008a_rir3,hartley2008a_m02,17,12,28.1,3.88,
hartley2008a_rir3,hartley2008a_m03,0,12,32.1,4.82,
hartley2008a_rir3,hartley2008a_m03,17,12,32.4,4.94,
hartley2008a_rir3,hartley2008a_m04,0,12,39.9,5.18,
hartley2008a_rir3,hartley2008a_m04,17,12,41.3,5.2,
hartley2008a_rir3,hartley2008a_m05,0,12,17.9,8.03,
hartley2008a_rir3,hartley2008a_m05,17,12,17.4,7.75,
takeda2020a_2set,takeda2020a_m01,0,13,6854,1296.1,
takeda2020a_2set,takeda2020a_m01,10,13,6686,1238.1,
takeda2020a_2set,takeda2020a_m02,0,13,267.6,59.41,
takeda2020a_2set,takeda2020a_m02,10,13,298,64.22,
takeda2020a_2set,takeda2020a_m03,0,13,152.3,28.54,
takeda2020a_2set,takeda2020a_m03,10,13,164.2,28.75,
takeda2020a_5set,takeda2020a_m01,0,15,6540,1410.1,
takeda2020a_5set,takeda2020a_m01,10,15,6376,1503,
takeda2020a_5set,takeda2020a_m02,0,15,261.2,52.68,
takeda2020a_5set,takeda2020a_m02,10,15,302.4,51.97,
takeda2020a_5set,takeda2020a_m03,0,15,135.2,27.51,
takeda2020a_5set,takeda2020a_m03,10,15,160.4,29.03,
ishikawa2013a_f1,ishikawa2013a_m01,0,12,46.5,5.55,
ishikawa2013a_f1,ishikawa2013a_m01,13,12,47.9,5.38,
ishikawa2013a_f1,ishikawa2013a_m02,0,12,135.2,29.32,
ishikawa2013a_f1,ishikawa2013a_m02,13,12,168.2,28.1,
ishikawa2013a_f1,ishikawa2013a_m03,0,12,31,4.28,
ishikawa2013a_f1,ishikawa2013a_m03,13,12,32.9,4.59,
ishikawa2013a_f3,ishikawa2013a_m01,0,15,43.2,5.35,
ishikawa2013a_f3,ishikawa2013a_m01,13,15,45.1,5.6,
ishikawa2013a_f3,ishikawa2013a_m02,0,15,138.2,31.99,
ishikawa2013a_f3,ishikawa2013a_m02,13,15,169.1,31.53,
ishikawa2013a_f3,ishikawa2013a_m03,0,15,31.9,4.02,
ishikawa2013a_f3,ishikawa2013a_m03,13,15,33.5,3.89,
takeda2012a_fail,takeda2012a_m01,0,21,165,32.32,
takeda2012a_fail,takeda2012a_m01,14,21,193.1,32.58,
takeda2012a_fail,takeda2012a_m02,0,21,76.7,13.52,
takeda2012a_fail,takeda2012a_m02,14,21,90.5,14.15,
takeda2012a_rir3,takeda2012a_m01,0,19,152,34.97,
takeda2012a_rir3,takeda2012a_m01,14,19,178,38,
takeda2012a_rir3,takeda2012a_m02,0,19,70.4,15.62,
takeda2012a_rir3,takeda2012a_m02,14,19,83.9,16.12,
takeda2012a_con,takeda2012a_m01,0,15,163.5,30.73,
takeda2012a_con,takeda2012a_m01,14,15,170.2,33.16,
takeda2012a_con,takeda2012a_m02,0,15,64.3,12.54,
takeda2012a_con,takeda2012a_m02,14,15,65.4,12.91,
delacroix2015a_hl,delacroix2015a_m01,0,16,36.6,8.42,
delacroix2015a_hl,delacroix2015a_m01,8,16,39.9,8.79,
delacroix2015a_hl,delacroix2015a_m01,16,16,43.7,9.15,
delacroix2015a_hl,delacroix2015a_m02,0,16,20.8,2.22,
delacroix2015a_hl,delacroix2015a_m02,8,16,21.7,2.22,
delacroix2015a_hl,delacroix2015a_m02,16,16,21.8,2.23,
delacroix2015a_hl,delacroix2015a_m03,0,16,51.6,8.36,
delacroix2015a_hl,delacroix2015a_m03,8,16,53,8.64,
delacroix2015a_hl,delacroix2015a_m03,16,16,53.5,8.92,
delacroix2015a_ll,delacroix2015a_m01,0,21,41.7,8.75,
delacroix2015a_ll,delacroix2015a_m01,8,21,44.6,8.64,
delacroix2015a_ll,delacroix2015a_m01,16,21,46.5,8.52,
delacroix2015a_ll,delacroix2015a_m02,0,21,19.9,2.64,
delacroix2015a_ll,delacroix2015a_m02,8,21,20,2.75,
delacroix2015a_ll,delacroix2015a_m02,16,21,20.3,2.87,
delacroix2015a_ll,delacroix2015a_m03,0,21,55,7.62,
delacroix2015a_ll,delacroix2015a_m03,8,21,57,7.98,
delacroix2015a_ll,delacroix2015a_m03,16,21,57.7,8.33,
delacroix2015a_con,delacroix2015a_m01,0,20,37,9.03,
delacroix2015a_con,delacroix2015a_m01,8,20,36.4,8.9,
delacroix2015a_con,delacroix2015a_m01,16,20,35.3,8.77,
delacroix2015a_con,delacroix2015a_m02,0,20,20.7,2.61,
delacroix2015a_con,delacroix2015a_m02,8,20,20.6,2.67,
delacroix2015a_con,delacroix2015a_m02,16,20,20.9,2.74,
delacroix2015a_con,delacroix2015a_m03,0,20,55.4,7.73,
delacroix2015a_con,delacroix2015a_m03,8,20,56.7,7.9,
delacroix2015a_con,delacroix2015a_m03,16,20,56.7,8.08,
varga2020a_1set,varga2020a_m01,0,20,35.3,4.9,
varga2020a_1set,varga2020a_m01,9,20,36.3,4.8,
varga2020a_1set,varga2020a_m02,0,20,25.7,5.16,
varga2020a_1set,varga2020a_m02,9,20,25.7,5.23,
varga2020a_1set,varga2020a_m03,0,20,47,6.27,
varga2020a_1set,varga2020a_m03,9,20,46.7,6.86,
varga2020a_1set,varga2020a_m04,0,20,30.8,3.76,
varga2020a_1set,varga2020a_m04,9,20,31.5,4.08,
varga2020a_3set,varga2020a_m01,0,8,36.1,5.35,
varga2020a_3set,varga2020a_m01,9,8,38.4,5.44,
varga2020a_3set,varga2020a_m02,0,8,24.6,4.44,
varga2020a_3set,varga2020a_m02,9,8,23.3,4.52,
varga2020a_3set,varga2020a_m03,0,8,47,6.45,
varga2020a_3set,varga2020a_m03,9,8,48.4,6.15,
varga2020a_3set,varga2020a_m04,0,8,30.4,4.33,
varga2020a_3set,varga2020a_m04,9,8,30,4.44,
varga2020a_5set,varga2020a_m01,0,15,33.7,4.47,
varga2020a_5set,varga2020a_m01,9,15,34.9,4.5,
varga2020a_5set,varga2020a_m02,0,15,24.7,4.78,
varga2020a_5set,varga2020a_m02,9,15,24.8,5.14,
varga2020a_5set,varga2020a_m03,0,15,50.4,5.89,
varga2020a_5set,varga2020a_m03,9,15,51,5.8,
varga2020a_5set,varga2020a_m04,0,15,32,4.08,
varga2020a_5set,varga2020a_m04,9,15,33.5,4.41,
varga2020a_con,varga2020a_m01,0,12,35,5.62,
varga2020a_con,varga2020a_m01,9,12,34.4,5.61,
varga2020a_con,varga2020a_m02,0,12,29.4,4.58,
varga2020a_con,varga2020a_m02,9,12,29.3,5.02,
varga2020a_con,varga2020a_m03,0,12,47,5.81,
varga2020a_con,varga2020a_m03,9,12,46.7,5.72,
varga2020a_con,varga2020a_m04,0,12,30.5,3.62,
varga2020a_con,varga2020a_m04,9,12,31,3.92,
delacroix2021a_hl,delacroix2021a_m01,0,20,92.2,19.13,
delacroix2021a_hl,delacroix2021a_m01,11,20,100.3,20.89,
delacroix2021a_hl,delacroix2021a_m02,0,20,200,46.3,
delacroix2021a_hl,delacroix2021a_m02,11,20,221,48.8,
delacroix2021a_ll,delacroix2021a_m01,0,20,86.1,14.88,
delacroix2021a_ll,delacroix2021a_m01,11,20,95.3,14.8,
delacroix2021a_ll,delacroix2021a_m02,0,20,197,41.7,
delacroix2021a_ll,delacroix2021a_m02,11,20,212,43,
uribe2005a_f1,uribe2005a_m01,0,10,308,62.59,
uribe2005a_f1,uribe2005a_m01,9,10,354.7,65.58,
uribe2005a_f1,uribe2005a_m02,0,10,8215,1487.9,
uribe2005a_f1,uribe2005a_m02,9,10,8150,1595.7,
uribe2005a_f1,uribe2005a_m03,0,10,272.3,52.47,
uribe2005a_f1,uribe2005a_m03,9,10,294.2,55.11,
uribe2005a_f1,uribe2005a_m04,0,10,47.3,9.41,
uribe2005a_f1,uribe2005a_m04,9,10,54.2,10.2,
uribe2005a_f1,uribe2005a_m05,0,10,18.2,5.91,
uribe2005a_f1,uribe2005a_m05,9,10,21.1,6.38,
uribe2005a_f3,uribe2005a_m01,0,21,311,72.44,
uribe2005a_f3,uribe2005a_m01,9,21,347.5,77.12,
uribe2005a_f3,uribe2005a_m02,0,21,6966,1593.5,
uribe2005a_f3,uribe2005a_m02,9,21,6919,1579.7,
uribe2005a_f3,uribe2005a_m03,0,21,259.5,58.17,
uribe2005a_f3,uribe2005a_m03,9,21,285.6,60.45,
uribe2005a_f3,uribe2005a_m04,0,21,52.2,9.13,
uribe2005a_f3,uribe2005a_m04,9,21,58.2,9.42,
uribe2005a_f3,uribe2005a_m05,0,21,20.6,5.97,
uribe2005a_f3,uribe2005a_m05,9,21,23.4,6.27,
takeda2007a_2set,takeda2007a_m01,0,18,53,10.34,
takeda2007a_2set,takeda2007a_m01,16,18,61,9.84,
takeda2007a_2set,takeda2007a_m02,0,18,22.3,2.99,
takeda2007a_2set,takeda2007a_m02,16,18,21.3,3.12,
takeda2007a_2set,takeda2007a_m03,0,18,139.3,30.48,
takeda2007a_2set,takeda2007a_m03,16,18,153.8,30.36,
takeda2007a_2set,takeda2007a_m04,0,18,60.1,6.19,
takeda2007a_2set,takeda2007a_m04,16,18,59,6.74,
takeda2007a_5set,takeda2007a_m01,0,9,52.5,9.32,
takeda2007a_5set,takeda2007a_m01,16,9,59.1,9.22,
takeda2007a_5set,takeda2007a_m02,0,9,23.7,2.76,
takeda2007a_5set,takeda2007a_m02,16,9,24.5,2.88,
takeda2007a_5set,takeda2007a_m03,0,9,154.6,32.16,
takeda2007a_5set,takeda2007a_m03,16,9,177.5,33.49,
takeda2007a_5set,takeda2007a_m04,0,9,60,8.11,
takeda2007a_5set,takeda2007a_m04,16,9,60.4,8.79,
takeda2007a_con,takeda2007a_m01,0,8,45,9.57,
takeda2007a_con,takeda2007a_m01,16,8,46,9.4,
takeda2007a_con,takeda2007a_m02,0,8,22.5,2.33,
takeda2007a_con,takeda2007a_m02,16,8,23.2,2.49,
takeda2007a_con,takeda2007a_m03,0,8,143.2,31.32,
takeda2007a_con,takeda2007a_m03,16,8,130.7,32.25,
takeda2007a_con,takeda2007a_m04,0,8,59.2,7.17,
takeda2007a_con,takeda2007a_m04,16,8,60.3,7.53,
haugen2001a_f1,haugen2001a_m01,0,18,35.5,4.71,
haugen2001a_f1,haugen2001a_m01,12,18,36.8,4.77,
haugen2001a_f1,haugen2001a_m02,0,18,25.6,5.05,
haugen2001a_f1,haugen2001a_m02,12,18,27.1,5.09,
haugen2001a_f1,haugen2001a_m03,0,18,16.2,4.31,
haugen2001a_f1,haugen2001a_m03,12,18,18.7,4.34,
haugen2001a_f1,haugen2001a_m04,0,18,50.6,3.55,
haugen2001a_f1,haugen2001a_m04,12,18,51.2,3.42,
haugen2001a_f3,haugen2001a_m01,0,22,34.9,4.29,
haugen2001a_f3,haugen2001a_m01,12,22,35.9,4.51,
haugen2001a_f3,haugen2001a_m02,0,22,27.4,5.35,
haugen2001a_f3,haugen2001a_m02,12,22,28.5,5.52,
haugen2001a_f3,haugen2001a_m03,0,22,17.2,5.4,
haugen2001a_f3,haugen2001a_m03,12,22,19.2,5.28,
haugen2001a_f3,haugen2001a_m04,0,22,51.6,4.34,
haugen2001a_f3,haugen2001a_m04,12,22,52.2,4.27,
haugen2001b_1set,haugen2001b_m01,0,22,35.6,5.68,
haugen2001b_1set,haugen2001b_m01,4,22,35.9,5.86,
haugen2001b_1set,haugen2001b_m01,8,22,36.5,6.04,
haugen2001b_1set,haugen2001b_m02,0,22,26.9,4.9,
haugen2001b_1set,haugen2001b_m02,4,22,27.1,4.96,
haugen2001b_1set,haugen2001b_m02,8,22,27.9,5.01,
haugen2001b_1set,haugen2001b_m03,0,22,50.5,6.72,
haugen2001b_1set,haugen2001b_m03,4,22,49.2,6.64,
haugen2001b_1set,haugen2001b_m03,8,22,49.6,6.57,
haugen2001b_1set,haugen2001b_m04,0,22,13.7,4.33,
haugen2001b_1set,haugen2001b_m04,4,22,15.1,4.54,
haugen2001b_1set,haugen2001b_m04,8,22,16.3,4.75,
haugen2001b_3set,haugen2001b_m01,0,22,36.4,5.54,
haugen2001b_3set,haugen2001b_m01,4,22,36.7,5.73,
haugen2001b_3set,haugen2001b_m01,8,22,37.7,5.91,
haugen2001b_3set,haugen2001b_m02,0,22,27.4,5.1,
haugen2001b_3set,haugen2001b_m02,4,22,28.3,5.28,
haugen2001b_3set,haugen2001b_m02,8,22,28.7,5.46,
haugen2001b_3set,haugen2001b_m03,0,22,50.8,5.5,
haugen2001b_3set,haugen2001b_m03,4,22,51.1,5.62,
haugen2001b_3set,haugen2001b_m03,8,22,51.4,5.74,
haugen2001b_3set,haugen2001b_m04,0,22,14.9,4.17,
haugen2001b_3set,haugen2001b_m04,4,22,16.8,4.16,
haugen2001b_3set,haugen2001b_m04,8,22,17.9,4.16,
haugen2001b_5set,haugen2001b_m01,0,17,37.8,5.58,
haugen2001b_5set,haugen2001b_m01,4,17,39.3,5.76,
haugen2001b_5set,haugen2001b_m01,8,17,39.6,5.94,
haugen2001b_5set,haugen2001b_m02,0,17,29.9,4.82,
haugen2001b_5set,haugen2001b_m02,4,17,31.5,4.86,
haugen2001b_5set,haugen2001b_m02,8,17,32.4,4.89,
haugen2001b_5set,haugen2001b_m03,0,17,51.8,6.14,
haugen2001b_5set,haugen2001b_m03,4,17,52.7,6.4,
haugen2001b_5set,haugen2001b_m03,8,17,54.1,6.67,
haugen2001b_5set,haugen2001b_m04,0,17,14.8,4.03,
haugen2001b_5set,haugen2001b_m04,4,17,15.3,4.08,
haugen2001b_5set,haugen2001b_m04,8,17,16,4.12,
yilmaz2005a_f1,yilmaz2005a_m01,0,19,37.3,4.27,
yilmaz2005a_f1,yilmaz2005a_m01,12,19,39.5,4.26,
yilmaz2005a_f1,yilmaz2005a_m02,0,19,44,9.38,
yilmaz2005a_f1,yilmaz2005a_m02,12,19,53.2,10.18,
yilmaz2005a_f1,yilmaz2005a_m03,0,19,54.7,4.83,
yilmaz2005a_f1,yilmaz2005a_m03,12,19,56.4,5.08,
yilmaz2005a_f3,yilmaz2005a_m01,0,18,37.2,5.02,
yilmaz2005a_f3,yilmaz2005a_m01,12,18,40.5,5.07,
yilmaz2005a_f3,yilmaz2005a_m02,0,18,41.1,9.11,
yilmaz2005a_f3,yilmaz2005a_m02,12,18,49.1,8.86,
yilmaz2005a_f3,yilmaz2005a_m03,0,18,55.6,4.3,
yilmaz2005a_f3,yilmaz2005a_m03,12,18,57.1,4.28,
ekberg2024a_hl,ekberg2024a_m01,0,18,46.2,5.92,
ekberg2024a_hl,ekberg2024a_m01,14,18,50,6.39,
ekberg2024a_hl,ekberg2024a_m02,0,18,16.1,2.68,
ekberg2024a_hl,ekberg2024a_m02,14,18,17.9,2.88,
ekberg2024a_hl,ekberg2024a_m03,0,18,173.2,38.48,
ekberg2024a_hl,ekberg2024a_m03,14,18,207.8,38.01,
ekberg2024a_ll,ekberg2024a_m01,0,18,44,6.74,
ekberg2024a_ll,ekberg2024a_m01,14,18,47.1,6.52,
ekberg2024a_ll,ekberg2024a_m02,0,18,17.6,2.35,
ekberg2024a_ll,ekberg2024a_m02,14,18,18.8,2.53,
ekberg2024a_ll,ekberg2024a_m03,0,18,158.8,32.87,
ekberg2024a_ll,ekberg2024a_m03,14,18,181.1,32.53,
ekberg2024a_con,ekberg2024a_m01,0,17,45.3,6.01,
ekberg2024a_con,ekberg2024a_m01,14,17,45.1,6.49,
ekberg2024a_con,ekberg2024a_m02,0,17,17.3,2.82,
ekberg2024a_con,ekberg2024a_m02,14,17,16.7,2.93,
ekberg2024a_con,ekberg2024a_m03,0,17,169.6,33.53,
ekberg2024a_con,ekberg2024a_m03,14,17,164.1,32.02,
petrakis2007a_2set,petrakis2007a_m01,0,11,286.2,50.89,
petrakis2007a_2set,petrakis2007a_m01,4,11,307.4,52.77,
petrakis2007a_2set,petrakis2007a_m01,9,11,328.4,54.65,
petrakis2007a_2set,petrakis2007a_m02,0,11,52,6.53,
petrakis2007a_2set,petrakis2007a_m02,4,11,52.6,6.37,
petrakis2007a_2set,petrakis2007a_m02,9,11,53.9,6.2,
petrakis2007a_2set,petrakis2007a_m03,0,11,20.5,2.73,
petrakis2007a_2set,petrakis2007a_m03,4,11,20.8,2.72,
petrakis2007a_2set,petrakis2007a_m03,9,11,21.6,2.71,
petrakis2007a_2set,petrakis2007a_m04,0,11,17.4,5.14,
petrakis2007a_2set,petrakis2007a_m04,4,11,18.6,5.15,
petrakis2007a_2set,petrakis2007a_m04,9,11,20.1,5.16,
petrakis2007a_5set,petrakis2007a_m01,0,11,279.4,46.51,
petrakis2007a_5set,petrakis2007a_m01,4,11,295.6,45.77,
petrakis2007a_5set,petrakis2007a_m01,9,11,318.9,45.03,
petrakis2007a_5set,petrakis2007a_m02,0,11,52.1,8.35,
petrakis2007a_5set,petrakis2007a_m02,4,11,54.6,8.64,
petrakis2007a_5set,petrakis2007a_m02,9,11,57.4,8.94,
petrakis2007a_5set,petrakis2007a_m03,0,11,21.3,2.26,
petrakis2007a_5set,petrakis2007a_m03,4,11,21.6,2.37,
petrakis2007a_5set,petrakis2007a_m03,9,11,22.3,2.48,
petrakis2007a_5set,petrakis2007a_m04,0,11,18,5.14,
petrakis2007a_5set,petrakis2007a_m04,4,11,20,5.24,
petrakis2007a_5set,petrakis2007a_m04,9,11,21.3,5.35,
ekberg2010a_hl,ekberg2010a_m01,0,16,32.7,5.56,
ekberg2010a_hl,ekberg2010a_m01,11,16,33.5,5.75,
ekberg2010a_hl,ekberg2010a_m02,0,16,6533,1196.3,
ekberg2010a_hl,ekberg2010a_m02,11,16,6628,1163.9,
ekberg2010a_hl,ekberg2010a_m03,0,16,34.7,4.67,
ekberg2010a_hl,ekberg2010a_m03,11,16,35.5,4.87,
ekberg2010a_ll,ekberg2010a_m01,0,8,29,5.22,
ekberg2010a_ll,ekberg2010a_m01,11,8,30,5.35,
ekberg2010a_ll,ekberg2010a_m02,0,8,5692,1399.6,
ekberg2010a_ll,ekberg2010a_m02,11,8,5538,1486.9,
ekberg2010a_ll,ekberg2010a_m03,0,8,36.1,4.73,
ekberg2010a_ll,ekberg2010a_m03,11,8,36.3,5.19,
laurent2024a_fail,laurent2024a_m01,0,12,237,47,
laurent2024a_fail,laurent2024a_m01,5,12,270,46.6,
laurent2024a_fail,laurent2024a_m01,11,12,296,46.3,
laurent2024a_fail,laurent2024a_m02,0,12,26.6,3.82,
laurent2024a_fail,laurent2024a_m02,5,12,28.2,3.87,
laurent2024a_fail,laurent2024a_m02,11,12,28.8,3.93,
laurent2024a_fail,laurent2024a_m03,0,12,37.6,5.13,
laurent2024a_fail,laurent2024a_m03,5,12,39.6,5.3,
laurent2024a_fail,laurent2024a_m03,11,12,39.9,5.46,
laurent2024a_fail,laurent2024a_m04,0,12,6332,1418.7,
laurent2024a_fail,laurent2024a_m04,5,12,6846,1383.8,
laurent2024a_fail,laurent2024a_m04,11,12,7068,1348.9,
laurent2024a_rir3,laurent2024a_m01,0,8,233,49.6,
laurent2024a_rir3,laurent2024a_m01,5,8,254,49.3,
laurent2024a_rir3,laurent2024a_m01,11,8,263,49,
laurent2024a_rir3,laurent2024a_m02,0,8,22.3,4.56,
laurent2024a_rir3,laurent2024a_m02,5,8,23.2,4.77,
laurent2024a_rir3,laurent2024a_m02,11,8,23.6,4.98,
laurent2024a_rir3,laurent2024a_m03,0,8,42.8,4.81,
laurent2024a_rir3,laurent2024a_m03,5,8,44.3,4.72,
laurent2024a_rir3,laurent2024a_m03,11,8,46.3,4.62,
laurent2024a_rir3,laurent2024a_m04,0,8,6505,1222.1,
laurent2024a_rir3,laurent2024a_m04,5,8,6827,1221,
laurent2024a_rir3,laurent2024a_m04,11,8,6999,1219.9,
yilmaz1999a_2set,yilmaz1999a_m01,0,13,29.9,4.21,
yilmaz1999a_2set,yilmaz1999a_m01,13,13,30.4,4.31,
yilmaz1999a_2set,yilmaz1999a_m02,0,13,26.4,5.03,
yilmaz1999a_2set,yilmaz1999a_m02,13,13,25.8,4.82,
yilmaz1999a_2set,yilmaz1999a_m03,0,13,33.1,5.64,
yilmaz1999a_2set,yilmaz1999a_m03,13,13,31.1,6.21,
yilmaz1999a_2set,yilmaz1999a_m04,0,13,40.8,5.51,
yilmaz1999a_2set,yilmaz1999a_m04,13,13,41.6,5.58,
yilmaz1999a_2set,yilmaz1999a_m05,0,13,23,6.3,
yilmaz1999a_2set,yilmaz1999a_m05,13,13,21.8,6.21,
yilmaz1999a_5set,yilmaz1999a_m01,0,10,30.8,4.35,
yilmaz1999a_5set,yilmaz1999a_m01,13,10,32,4.18,
yilmaz1999a_5set,yilmaz1999a_m02,0,10,29,5.03,
yilmaz1999a_5set,yilmaz1999a_m02,13,10,30,5.03,
yilmaz1999a_5set,yilmaz1999a_m03,0,10,33.6,4.71,
yilmaz1999a_5set,yilmaz1999a_m03,13,10,35.2,4.93,
yilmaz1999a_5set,yilmaz1999a_m04,0,10,40.9,4.6,
yilmaz1999a_5set,yilmaz1999a_m04,13,10,42.2,4.81,
yilmaz1999a_5set,yilmaz1999a_m05,0,10,20.1,6.46,
yilmaz1999a_5set,yilmaz1999a_m05,13,10,17.5,6.46,
rosales2018a_fail,rosales2018a_m01,0,18,67.5,14.33,
rosales2018a_fail,rosales2018a_m01,11,18,83.4,14.7,
rosales2018a_fail,rosales2018a_m02,0,18,31.8,4.06,
rosales2018a_fail,rosales2018a_m02,11,18,34.3,3.88,
rosales2018a_fail,rosales2018a_m03,0,18,17.4,2.27,
rosales2018a_fail,rosales2018a_m03,11,18,18.5,2.17,
rosales2018a_fail,rosales2018a_m04,0,18,89.9,19.86,
rosales2018a_fail,rosales2018a_m04,11,18,114.2,20.83,
rosales2018a_fail,rosales2018a_m05,0,18,49.7,6.16,
rosales2018a_fail,rosales2018a_m05,11,18,53,6.63,
rosales2018a_fail,rosales2018a_m06,0,18,18.2,6.15,
rosales2018a_fail,rosales2018a_m06,11,18,20.4,5.99,
rosales2018a_rir1,rosales2018a_m01,0,13,62,12.74,
rosales2018a_rir1,rosales2018a_m01,11,13,79.8,13.75,
rosales2018a_rir1,rosales2018a_m02,0,13,32.5,3.77,
rosales2018a_rir1,rosales2018a_m02,11,13,34.1,3.96,
rosales2018a_rir1,rosales2018a_m03,0,13,18.5,2.05,
rosales2018a_rir1,rosales2018a_m03,11,13,19.6,2,
rosales2018a_rir1,rosales2018a_m04,0,13,101.9,21.16,
rosales2018a_rir1,rosales2018a_m04,11,13,133.4,20.62,
rosales2018a_rir1,rosales2018a_m05,0,13,50.9,6.08,
rosales2018a_rir1,rosales2018a_m05,11,13,53.7,6.31,
rosales2018a_rir1,rosales2018a_m06,0,13,16.2,6.48,
rosales2018a_rir1,rosales2018a_m06,11,13,15.9,7.13,
rosales2018a_rir3,rosales2018a_m01,0,20,60.9,12.18,
rosales2018a_rir3,rosales2018a_m01,11,20,75.7,12.23,
rosales2018a_rir3,rosales2018a_m02,0,20,32.1,4.56,
rosales2018a_rir3,rosales2018a_m02,11,20,34.5,4.69,
rosales2018a_rir3,rosales2018a_m03,0,20,19.1,1.89,
rosales2018a_rir3,rosales2018a_m03,11,20,20.8,1.9,
rosales2018a_rir3,rosales2018a_m04,0,20,90.3,16.91,
rosales2018a_rir3,rosales2018a_m04,11,20,112.6,18.27,
rosales2018a_rir3,rosales2018a_m05,0,20,50.6,6.38,
rosales2018a_rir3,rosales2018a_m05,11,20,52.8,6.26,
rosales2018a_rir3,rosales2018a_m06,0,20,18.9,5.78,
rosales2018a_rir3,rosales2018a_m06,11,20,19.3,6.03,
rosales2018a_con,rosales2018a_m01,0,22,65.3,12.91,
rosales2018a_con,rosales2018a_m01,11,22,65.5,13.53,
rosales2018a_con,rosales2018a_m02,0,22,34,4.2,
rosales2018a_con,rosales2018a_m02,11,22,33.6,4.24,
rosales2018a_con,rosales2018a_m03,0,22,18.4,2.38,
rosales2018a_con,rosales2018a_m03,11,22,17.9,2.55,
rosales2018a_con,rosales2018a_m04,0,22,93.4,16.82,
rosales2018a_con,rosales2018a_m04,11,22,94.3,18.18,
rosales2018a_con,rosales2018a_m05,0,22,51.3,6.72,
rosales2018a_con,rosales2018a_m05,11,22,52.6,7,
rosales2018a_con,rosales2018a_m06,0,22,18.4,5.54,
rosales2018a_con,rosales2018a_m06,11,22,17.8,5.74,
lindqvist2010a_hl,lindqvist2010a_m01,0,9,30.8,4.78,
lindqvist2010a_hl,lindqvist2010a_m01,5,9,31.4,4.78,
lindqvist2010a_hl,lindqvist2010a_m01,11,9,32.9,4.79,
lindqvist2010a_hl,lindqvist2010a_m02,0,9,48.5,8.23,
lindqvist2010a_hl,lindqvist2010a_m02,5,9,54.1,8.58,
lindqvist2010a_hl,lindqvist2010a_m02,11,9,57,8.94,
lindqvist2010a_hl,lindqvist2010a_m03,0,9,24.6,4.54,
lindqvist2010a_hl,lindqvist2010a_m03,5,9,25.8,4.71,
lindqvist2010a_hl,lindqvist2010a_m03,11,9,26.5,4.88,
lindqvist2010a_hl,lindqvist2010a_m04,0,9,28.1,3.11,
lindqvist2010a_hl,lindqvist2010a_m04,5,9,28.2,3.21,
lindqvist2010a_hl,lindqvist2010a_m04,11,9,28.5,3.31,
lindqvist2010a_hl,lindqvist2010a_m05,0,9,48.9,5.77,
lindqvist2010a_hl,lindqvist2010a_m05,5,9,50,5.82,
lindqvist2010a_hl,lindqvist2010a_m05,11,9,49.8,5.87,
lindqvist2010a_hl,lindqvist2010a_m06,0,9,18.5,5.33,
lindqvist2010a_hl,lindqvist2010a_m06,5,9,19.2,5.27,
lindqvist2010a_hl,lindqvist2010a_m06,11,9,19.5,5.22,
lindqvist2010a_ll,lindqvist2010a_m01,0,19,30.8,4.82,
lindqvist2010a_ll,lindqvist2010a_m01,5,19,31.9,4.96,
lindqvist2010a_ll,lindqvist2010a_m01,11,19,31.6,5.1,
lindqvist2010a_ll,lindqvist2010a_m02,0,19,44.6,8.17,
lindqvist2010a_ll,lindqvist2010a_m02,5,19,46.9,8.12,
lindqvist2010a_ll,lindqvist2010a_m02,11,19,49.5,8.07,
lindqvist2010a_ll,lindqvist2010a_m03,0,19,25.3,4.85,
lindqvist2010a_ll,lindqvist2010a_m03,5,19,26,5.07,
lindqvist2010a_ll,lindqvist2010a_m03,11,19,26.5,5.29,
lindqvist2010a_ll,lindqvist2010a_m04,0,19,27.7,3.63,
lindqvist2010a_ll,lindqvist2010a_m04,5,19,28.1,3.73,
lindqvist2010a_ll,lindqvist2010a_m04,11,19,28.2,3.83,
lindqvist2010a_ll,lindqvist2010a_m05,0,19,52.6,5.71,
lindqvist2010a_ll,lindqvist2010a_m05,5,19,53.5,5.93,
lindqvist2010a_ll,lindqvist2010a_m05,11,19,54.1,6.16,
lindqvist2010a_ll,lindqvist2010a_m06,0,19,17.2,5.4,
lindqvist2010a_ll,lindqvist2010a_m06,5,19,15.7,5.31,
lindqvist2010a_ll,lindqvist2010a_m06,11,19,14.5,5.21,
lindqvist2010a_con,lindqvist2010a_m01,0,9,31.7,3.77,
lindqvist2010a_con,lindqvist2010a_m01,5,9,31.2,3.82,
lindqvist2010a_con,lindqvist2010a_m01,11,9,30.6,3.88,
lindqvist2010a_con,lindqvist2010a_m02,0,9,50.3,9.02,
lindqvist2010a_con,lindqvist2010a_m02,5,9,52.5,9.01,
lindqvist2010a_con,lindqvist2010a_m02,11,9,52.4,8.99,
lindqvist2010a_con,lindqvist2010a_m03,0,9,24.8,3.87,
lindqvist2010a_con,lindqvist2010a_m03,5,9,25.4,4.06,
lindqvist2010a_con,lindqvist2010a_m03,11,9,25.7,4.25,
lindqvist2010a_con,lindqvist2010a_m04,0,9,28.2,3.9,
lindqvist2010a_con,lindqvist2010a_m04,5,9,27.8,3.95,
lindqvist2010a_con,lindqvist2010a_m04,11,9,27.6,4.01,
lindqvist2010a_con,lindqvist2010a_m05,0,9,55.7,5.21,
lindqvist2010a_con,lindqvist2010a_m05,5,9,57.3,5.22,
lindqvist2010a_con,lindqvist2010a_m05,11,9,58.2,5.23,
lindqvist2010a_con,lindqvist2010a_m06,0,9,17.7,6.95,
lindqvist2010a_con,lindqvist2010a_m06,5,9,17.1,7.19,
lindqvist2010a_con,lindqvist2010a_m06,11,9,16.1,7.43,
quinlan2011a_2set,quinlan2011a_m01,0,17,22.4,4.37,
quinlan2011a_2set,quinlan2011a_m01,15,17,23.4,4.43,
quinlan2011a_2set,quinlan2011a_m02,0,17,5817,1329.8,
quinlan2011a_2set,quinlan2011a_m02,15,17,6256,1339.8,
quinlan2011a_2set,quinlan2011a_m03,0,17,266.6,44.6,
quinlan2011a_2set,quinlan2011a_m03,15,17,324.9,48.29,
quinlan2011a_2set,quinlan2011a_m04,0,17,41.2,5.07,
quinlan2011a_2set,quinlan2011a_m04,15,17,42.5,5.35,
quinlan2011a_2set,quinlan2011a_m05,0,17,21,6.61,
quinlan2011a_2set,quinlan2011a_m05,15,17,24.6,6.49,
quinlan2011a_2set,quinlan2011a_m06,0,17,56.1,4.19,
quinlan2011a_2set,quinlan2011a_m06,15,17,56.7,4.45,
quinlan2011a_5set,quinlan2011a_m01,0,17,27.6,4.51,
quinlan2011a_5set,quinlan2011a_m01,15,17,28,4.34,
quinlan2011a_5set,quinlan2011a_m02,0,17,6298,1425.3,
quinlan2011a_5set,quinlan2011a_m02,15,17,6594,1543.7,
quinlan2011a_5set,quinlan2011a_m03,0,17,261.7,58.58,
quinlan2011a_5set,quinlan2011a_m03,15,17,307.5,55.66,
quinlan2011a_5set,quinlan2011a_m04,0,17,41,6.29,
quinlan2011a_5set,quinlan2011a_m04,15,17,43.1,6.39,
quinlan2011a_5set,quinlan2011a_m05,0,17,22.4,5.63,
quinlan2011a_5set,quinlan2011a_m05,15,17,24.7,5.81,
quinlan2011a_5set,quinlan2011a_m06,0,17,54.3,3.94,
quinlan2011a_5set,quinlan2011a_m06,15,17,54.4,4.27,
quinlan2011a_con,quinlan2011a_m01,0,20,25,3.52,
quinlan2011a_con,quinlan2011a_m01,15,20,23.8,3.87,
quinlan2011a_con,quinlan2011a_m02,0,20,6142,1311,
quinlan2011a_con,quinlan2011a_m02,15,20,6409,1316.6,
quinlan2011a_con,quinlan2011a_m03,0,20,245.3,52.59,
quinlan2011a_con,quinlan2011a_m03,15,20,242,55.35,
quinlan2011a_con,quinlan2011a_m04,0,20,43,6.52,
quinlan2011a_con,quinlan2011a_m04,15,20,44,6.74,
quinlan2011a_con,quinlan2011a_m05,0,20,19.1,6.23,
quinlan2011a_con,quinlan2011a_m05,15,20,18.2,6.35,
quinlan2011a_con,quinlan2011a_m06,0,20,55.4,4.5,
quinlan2011a_con,quinlan2011a_m06,15,20,54.6,4.36,
delacroix2018a_1set,delacroix2018a_m01,0,20,27.6,4.5,
delacroix2018a_1set,delacroix2018a_m01,11,20,26.4,4.77,
delacroix2018a_1set,delacroix2018a_m02,0,20,341.1,73.52,
delacroix2018a_1set,delacroix2018a_m02,11,20,383.2,75.57,
delacroix2018a_1set,delacroix2018a_m03,0,20,60.7,6.33,
delacroix2018a_1set,delacroix2018a_m03,11,20,58.5,6.57,
delacroix2018a_1set,delacroix2018a_m04,0,20,13.2,5.38,
delacroix2018a_1set,delacroix2018a_m04,11,20,11.3,5.55,
delacroix2018a_3set,delacroix2018a_m01,0,19,29,4.89,
delacroix2018a_3set,delacroix2018a_m01,11,19,29.6,4.76,
delacroix2018a_3set,delacroix2018a_m02,0,19,326.5,67.96,
delacroix2018a_3set,delacroix2018a_m02,11,19,373.6,71.96,
delacroix2018a_3set,delacroix2018a_m03,0,19,59.2,7.9,
delacroix2018a_3set,delacroix2018a_m03,11,19,58.8,7.94,
delacroix2018a_3set,delacroix2018a_m04,0,19,13.2,4.48,
delacroix2018a_3set,delacroix2018a_m04,11,19,12.5,4.38,
delacroix2018a_5set,delacroix2018a_m01,0,22,27.3,4.07,
delacroix2018a_5set,delacroix2018a_m01,11,22,27.7,4.12,
delacroix2018a_5set,delacroix2018a_m02,0,22,350.1,71.6,
delacroix2018a_5set,delacroix2018a_m02,11,22,374.9,73.88,
delacroix2018a_5set,delacroix2018a_m03,0,22,60.6,6.38,
delacroix2018a_5set,delacroix2018a_m03,11,22,59.1,6.41,
delacroix2018a_5set,delacroix2018a_m04,0,22,15.5,5.29,
delacroix2018a_5set,delacroix2018a_m04,11,22,13,5.45,
moreau2010a_fail,moreau2010a_m01,0,19,214.6,38.25,
moreau2010a_fail,moreau2010a_m01,10,19,254.6,40.43,
moreau2010a_fail,moreau2010a_m02,0,19,5029,1065.9,
moreau2010a_fail,moreau2010a_m02,10,19,5217,1168.4,
moreau2010a_rir3,moreau2010a_m01,0,19,211.6,42.49,
moreau2010a_rir3,moreau2010a_m01,10,19,260.5,42.49,
moreau2010a_rir3,moreau2010a_m02,0,19,5715,1383.4,
moreau2010a_rir3,moreau2010a_m02,10,19,6352,1356.2,
jansen2011a_fail,jansen2011a_m01,0,13,57.6,7.73,
jansen2011a_fail,jansen2011a_m01,7,13,57,7.64,
jansen2011a_fail,jansen2011a_m01,15,13,55.1,7.55,
jansen2011a_fail,jansen2011a_m02,0,13,359.2,73.86,
jansen2011a_fail,jansen2011a_m02,7,13,374.4,73.9,
jansen2011a_fail,jansen2011a_m02,15,13,381.7,73.94,
jansen2011a_rir3,jansen2011a_m01,0,14,56.2,7.47,
jansen2011a_rir3,jansen2011a_m01,7,14,56.4,7.41,
jansen2011a_rir3,jansen2011a_m01,15,14,56.8,7.35,
jansen2011a_rir3,jansen2011a_m02,0,14,314,64.11,
jansen2011a_rir3,jansen2011a_m02,7,14,330.3,62.58,
jansen2011a_rir3,jansen2011a_m02,15,14,350,61.05,
jansen2011a_con,jansen2011a_m01,0,14,55.9,7.14,
jansen2011a_con,jansen2011a_m01,7,14,56.1,7.3,
jansen2011a_con,jansen2011a_m01,15,14,56.4,7.45,
jansen2011a_con,jansen2011a_m02,0,14,305.3,62.96,
jansen2011a_con,jansen2011a_m02,7,14,299.9,65.47,
jansen2011a_con,jansen2011a_m02,15,14,304.5,67.98,
varga2015a_hl,varga2015a_m01,0,12,144.2,30.85,
varga2015a_hl,varga2015a_m01,9,12,162.1,29.52,
varga2015a_hl,varga2015a_m02,0,12,50.2,11.75,
varga2015a_hl,varga2015a_m02,9,12,59.6,12.49,
varga2015a_hl,varga2015a_m03,0,12,58.8,8.22,
varga2015a_hl,varga2015a_m03,9,12,59.9,8.17,
varga2015a_hl,varga2015a_m04,0,12,56.7,4.38,
varga2015a_hl,varga2015a_m04,9,12,56.3,4.24,
varga2015a_ll,varga2015a_m01,0,17,135.5,26.34,
varga2015a_ll,varga2015a_m01,9,17,146.2,25.05,
varga2015a_ll,varga2015a_m02,0,17,52.3,9.05,
varga2015a_ll,varga2015a_m02,9,17,59.4,8.69,
varga2015a_ll,varga2015a_m03,0,17,58.6,6.81,
varga2015a_ll,varga2015a_m03,9,17,61.3,7.23,
varga2015a_ll,varga2015a_m04,0,17,54.5,4.05,
varga2015a_ll,varga2015a_m04,9,17,55.5,4.29,
fairbanks2004a_f1,fairbanks2004a_m01,0,19,24.8,4.92,
fairbanks2004a_f1,fairbanks2004a_m01,15,19,25.3,5.18,
fairbanks2004a_f1,fairbanks2004a_m02,0,19,35.5,4.9,
fairbanks2004a_f1,fairbanks2004a_m02,15,19,35.4,4.8,
fairbanks2004a_f1,fairbanks2004a_m03,0,19,20.2,2.62,
fairbanks2004a_f1,fairbanks2004a_m03,15,19,20.7,2.54,
fairbanks2004a_f1,fairbanks2004a_m04,0,19,40.5,5.6,
fairbanks2004a_f1,fairbanks2004a_m04,15,19,40.4,6.15,
fairbanks2004a_f1,fairbanks2004a_m05,0,19,21.3,7.2,
fairbanks2004a_f1,fairbanks2004a_m05,15,19,19.4,7.44,
fairbanks2004a_f1,fairbanks2004a_m06,0,19,14.4,5.4,
fairbanks2004a_f1,fairbanks2004a_m06,15,19,14.7,5.22,
fairbanks2004a_f2,fairbanks2004a_m01,0,22,27.3,4.97,
fairbanks2004a_f2,fairbanks2004a_m01,15,22,27.7,4.81,
fairbanks2004a_f2,fairbanks2004a_m02,0,22,34.8,5.64,
fairbanks2004a_f2,fairbanks2004a_m02,15,22,36.6,6.07,
fairbanks2004a_f2,fairbanks2004a_m03,0,22,17.7,3.4,
fairbanks2004a_f2,fairbanks2004a_m03,15,22,17.7,3.44,
fairbanks2004a_f2,fairbanks2004a_m04,0,22,41.3,4.85,
fairbanks2004a_f2,fairbanks2004a_m04,15,22,40.3,4.91,
fairbanks2004a_f2,fairbanks2004a_m05,0,22,21.3,6.03,
fairbanks2004a_f2,fairbanks2004a_m05,15,22,19.1,5.8,
fairbanks2004a_f2,fairbanks2004a_m06,0,22,16.8,4.43,
fairbanks2004a_f2,fairbanks2004a_m06,15,22,18.4,4.72,
fairbanks2004a_f3,fairbanks2004a_m01,0,12,27.2,4.56,
fairbanks2004a_f3,fairbanks2004a_m01,15,12,29.1,4.34,
fairbanks2004a_f3,fairbanks2004a_m02,0,12,34.4,4.25,
fairbanks2004a_f3,fairbanks2004a_m02,15,12,35.7,4.06,
fairbanks2004a_f3,fairbanks2004a_m03,0,12,17.7,2.6,
fairbanks2004a_f3,fairbanks2004a_m03,15,12,18.5,2.69,
fairbanks2004a_f3,fairbanks2004a_m04,0,12,39.5,5.74,
fairbanks2004a_f3,fairbanks2004a_m04,15,12,40.5,5.62,
fairbanks2004a_f3,fairbanks2004a_m05,0,12,19.7,6.13,
fairbanks2004a_f3,fairbanks2004a_m05,15,12,18.8,5.91,
fairbanks2004a_f3,fairbanks2004a_m06,0,12,15.8,5.14,
fairbanks2004a_f3,fairbanks2004a_m06,15,12,17,5.39,
fairbanks2004a_con,fairbanks2004a_m01,0,17,26.1,4.8,
fairbanks2004a_con,fairbanks2004a_m01,15,17,26.1,5.11,
fairbanks2004a_con,fairbanks2004a_m02,0,17,34.8,5.52,
fairbanks2004a_con,fairbanks2004a_m02,15,17,33.6,5.67,
fairbanks2004a_con,fairbanks2004a_m03,0,17,18.5,2.75,
fairbanks2004a_con,fairbanks2004a_m03,15,17,17.8,2.86,
fairbanks2004a_con,fairbanks2004a_m04,0,17,40.7,5.63,
fairbanks2004a_con,fairbanks2004a_m04,15,17,40.9,5.98,
fairbanks2004a_con,fairbanks2004a_m05,0,17,17.6,8,
fairbanks2004a_con,fairbanks2004a_m05,15,17,16.8,8.6,
fairbanks2004a_con,fairbanks2004a_m06,0,17,18.3,4.42,
fairbanks2004a_con,fairbanks2004a_m06,15,17,18.6,4.32,
jansen2021a_fail,jansen2021a_m01,0,18,85.9,15.52,
jansen2021a_fail,jansen2021a_m01,7,18,95.3,15.89,
jansen2021a_fail,jansen2021a_m01,14,18,98.2,16.25,
jansen2021a_fail,jansen2021a_m02,0,18,41,7.98,
jansen2021a_fail,jansen2021a_m02,7,18,45.2,8.12,
jansen2021a_fail,jansen2021a_m02,14,18,47.5,8.26,
jansen2021a_rir3,jansen2021a_m01,0,13,83.5,15.99,
jansen2021a_rir3,jansen2021a_m01,7,13,88.4,16.41,
jansen2021a_rir3,jansen2021a_m01,14,13,93.7,16.84,
jansen2021a_rir3,jansen2021a_m02,0,13,40.7,8.25,
jansen2021a_rir3,jansen2021a_m02,7,13,42.2,8.07,
jansen2021a_rir3,jansen2021a_m02,14,13,48.5,7.88,
gallardo2024a_f1,gallardo2024a_m01,0,20,169.4,30.83,
gallardo2024a_f1,gallardo2024a_m01,15,20,201,29.46,
gallardo2024a_f1,gallardo2024a_m02,0,20,48.3,10.08,
gallardo2024a_f1,gallardo2024a_m02,15,20,56.1,10.43,
gallardo2024a_f1,gallardo2024a_m03,0,20,24.2,4.45,
gallardo2024a_f1,gallardo2024a_m03,15,20,25.7,4.36,
gallardo2024a_f1,gallardo2024a_m04,0,20,25.8,5.08,
gallardo2024a_f1,gallardo2024a_m04,15,20,30,5.33,
gallardo2024a_f3,gallardo2024a_m01,0,21,143.6,27.47,
gallardo2024a_f3,gallardo2024a_m01,15,21,174.4,28.91,
gallardo2024a_f3,gallardo2024a_m02,0,21,50.1,8.61,
gallardo2024a_f3,gallardo2024a_m02,15,21,59.3,8.19,
gallardo2024a_f3,gallardo2024a_m03,0,21,22.6,4.27,
gallardo2024a_f3,gallardo2024a_m03,15,21,23.6,4.63,
gallardo2024a_f3,gallardo2024a_m04,0,21,24.3,4.87,
gallardo2024a_f3,gallardo2024a_m04,15,21,29.7,5.17,
mwangi2026a_2set,mwangi2026a_m01,0,11,217.7,59.9,
mwangi2026a_2set,mwangi2026a_m01,9,11,252.6,60.09,
mwangi2026a_2set,mwangi2026a_m02,0,11,250,56,
mwangi2026a_2set,mwangi2026a_m02,9,11,264,57.9,
mwangi2026a_5set,mwangi2026a_m01,0,9,226.4,46.33,
mwangi2026a_5set,mwangi2026a_m01,9,9,252.1,49.16,
mwangi2026a_5set,mwangi2026a_m02,0,9,309,58.6,
mwangi2026a_5set,mwangi2026a_m02,9,9,348,62.5,
petrakis2016a_hl,petrakis2016a_m01,0,21,202.6,45.15,
petrakis2016a_hl,petrakis2016a_m01,10,21,254.4,46.85,
petrakis2016a_hl,petrakis2016a_m02,0,21,52.5,8.12,
petrakis2016a_hl,petrakis2016a_m02,10,21,53.6,8.77,
petrakis2016a_hl,petrakis2016a_m03,0,21,26.3,4.55,
petrakis2016a_hl,petrakis2016a_m03,10,21,27.5,4.42,
petrakis2016a_hl,petrakis2016a_m04,0,21,111.5,19.75,
petrakis2016a_hl,petrakis2016a_m04,10,21,135.6,19.66,
petrakis2016a_hl,petrakis2016a_m05,0,21,17,5.49,
petrakis2016a_hl,petrakis2016a_m05,10,21,20.1,5.46,
petrakis2016a_ml,petrakis2016a_m01,0,10,224.8,45.14,
petrakis2016a_ml,petrakis2016a_m01,10,10,270.4,43.42,
petrakis2016a_ml,petrakis2016a_m02,0,10,49.1,6.75,
petrakis2016a_ml,petrakis2016a_m02,10,10,52.4,6.64,
petrakis2016a_ml,petrakis2016a_m03,0,10,26.3,4.03,
petrakis2016a_ml,petrakis2016a_m03,10,10,27.1,3.99,
petrakis2016a_ml,petrakis2016a_m04,0,10,114,25.96,
petrakis2016a_ml,petrakis2016a_m04,10,10,139.1,24.81,
petrakis2016a_ml,petrakis2016a_m05,0,10,19,5.09,
petrakis2016a_ml,petrakis2016a_m05,10,10,19.1,5.16,
petrakis2016a_ll,petrakis2016a_m01,0,13,213.8,39.26,
petrakis2016a_ll,petrakis2016a_m01,10,13,241.9,40.6,
petrakis2016a_ll,petrakis2016a_m02,0,13,49.1,6.52,
petrakis2016a_ll,petrakis2016a_m02,10,13,51.1,6.35,
petrakis2016a_ll,petrakis2016a_m03,0,13,22.8,3.92,
petrakis2016a_ll,petrakis2016a_m03,10,13,24.4,4,
petrakis2016a_ll,petrakis2016a_m04,0,13,113,23.18,
petrakis2016a_ll,petrakis2016a_m04,10,13,123.9,22.73,
petrakis2016a_ll,petrakis2016a_m05,0,13,20,4.69,
petrakis2016a_ll,petrakis2016a_m05,10,13,24.1,4.88,
petrakis2016a_con,petrakis2016a_m01,0,19,221.2,39.88,
petrakis2016a_con,petrakis2016a_m01,10,19,227.9,42.13,
petrakis2016a_con,petrakis2016a_m02,0,19,52.4,6.88,
petrakis2016a_con,petrakis2016a_m02,10,19,55,6.84,
petrakis2016a_con,petrakis2016a_m03,0,19,26,4.12,
petrakis2016a_con,petrakis2016a_m03,10,19,26.7,4.34,
petrakis2016a_con,petrakis2016a_m04,0,19,111,23.1,
petrakis2016a_con,petrakis2016a_m04,10,19,111.4,23.49,
petrakis2016a_con,petrakis2016a_m05,0,19,15.9,5.64,
petrakis2016a_con,petrakis2016a_m05,10,19,17.3,6.03,
ekberg2013b_fail,ekberg2013b_m01,0,18,48,,2.43
ekberg2013b_fail,ekberg2013b_m01,10,18,61.2,,2.5
ekberg2013b_fail,ekberg2013b_m02,0,18,23.8,,0.93
ekberg2013b_fail,ekberg2013b_m02,10,18,25.6,,0.89
ekberg2013b_fail,ekberg2013b_m03,0,18,29.4,,0.79
ekberg2013b_fail,ekberg2013b_m03,10,18,32.6,,0.86
ekberg2013b_fail,ekberg2013b_m04,0,18,18.4,,0.77
ekberg2013b_fail,ekberg2013b_m04,10,18,20.1,,0.81
ekberg2013b_rir3,ekberg2013b_m01,0,17,47.4,,2.44
ekberg2013b_rir3,ekberg2013b_m01,10,17,58.5,,2.33
ekberg2013b_rir3,ekberg2013b_m02,0,17,23.7,,1.02
ekberg2013b_rir3,ekberg2013b_m02,10,17,26.4,,0.98
ekberg2013b_rir3,ekberg2013b_m03,0,17,27.9,,0.99
ekberg2013b_rir3,ekberg2013b_m03,10,17,28.8,,0.96
ekberg2013b_rir3,ekberg2013b_m04,0,17,17.1,,0.77
ekberg2013b_rir3,ekberg2013b_m04,10,17,18.6,,0.83
ekberg2013b_con,ekberg2013b_m01,0,9,52,,2.93
ekberg2013b_con,ekberg2013b_m01,10,9,52.2,,3.03
ekberg2013b_con,ekberg2013b_m02,0,9,25,,1.31
ekberg2013b_con,ekberg2013b_m02,10,9,25.9,,1.32
ekberg2013b_con,ekberg2013b_m03,0,9,26.9,,1.08
ekberg2013b_con,ekberg2013b_m03,10,9,27.9,,1.07
ekberg2013b_con,ekberg2013b_m04,0,9,18,,0.89
ekberg2013b_con,ekberg2013b_m04,10,9,17.9,,0.97
brennan2019a_hl,brennan2019a_m01,0,15,52.4,6.73,
brennan2019a_hl,brennan2019a_m01,15,15,56.3,7.28,
brennan2019a_hl,brennan2019a_m02,0,15,266.1,56.54,
brennan2019a_hl,brennan2019a_m02,15,15,321.4,59.84,
brennan2019a_hl,brennan2019a_m03,0,15,111.5,24.86,
brennan2019a_hl,brennan2019a_m03,15,15,132.3,27.25,
brennan2019a_hl,brennan2019a_m04,0,15,59.3,7.73,
brennan2019a_hl,brennan2019a_m04,15,15,61.4,8.41,
brennan2019a_hl,brennan2019a_m05,0,15,13,6.01,
brennan2019a_hl,brennan2019a_m05,15,15,13.8,6.49,
brennan2019a_ll,brennan2019a_m01,0,21,50.3,6.89,
brennan2019a_ll,brennan2019a_m01,15,21,54.5,7.2,
brennan2019a_ll,brennan2019a_m02,0,21,255.8,50.75,
brennan2019a_ll,brennan2019a_m02,15,21,278.7,55.51,
brennan2019a_ll,brennan2019a_m03,0,21,118,25.64,
brennan2019a_ll,brennan2019a_m03,15,21,129.9,24.85,
brennan2019a_ll,brennan2019a_m04,0,21,60.4,8.23,
brennan2019a_ll,brennan2019a_m04,15,21,61.3,7.83,
brennan2019a_ll,brennan2019a_m05,0,21,16.1,5.59,
brennan2019a_ll,brennan2019a_m05,15,21,14.9,5.57,
haugen2014a_hl,haugen2014a_m01,0,16,5147,1163.1,
haugen2014a_hl,haugen2014a_m01,4,16,5177,1177.8,
haugen2014a_hl,haugen2014a_m01,9,16,5148,1192.5,
haugen2014a_hl,haugen2014a_m02,0,16,183.7,30.7,
haugen2014a_hl,haugen2014a_m02,4,16,188.1,30.2,
haugen2014a_hl,haugen2014a_m02,9,16,198.3,29.7,
haugen2014a_ll,haugen2014a_m01,0,16,5237,1333.2,
haugen2014a_ll,haugen2014a_m01,4,16,5452,1357.5,
haugen2014a_ll,haugen2014a_m01,9,16,5480,1381.7,
haugen2014a_ll,haugen2014a_m02,0,16,174.7,31.36,
haugen2014a_ll,haugen2014a_m02,4,16,179.2,30.93,
haugen2014a_ll,haugen2014a_m02,9,16,186,30.51,
petrakis2018a_fail,petrakis2018a_m01,0,14,29.1,,1.43
petrakis2018a_fail,petrakis2018a_m01,11,14,31.6,,1.5
petrakis2018a_fail,petrakis2018a_m02,0,14,117.4,,5.45
petrakis2018a_fail,petrakis2018a_m02,11,14,131.1,,5.46
petrakis2018a_fail,petrakis2018a_m03,0,14,50.9,,1.78
petrakis2018a_fail,petrakis2018a_m03,11,14,50.4,,1.9
petrakis2018a_fail,petrakis2018a_m04,0,14,19.4,,1.74
petrakis2018a_fail,petrakis2018a_m04,11,14,20.5,,1.9
petrakis2018a_rir3,petrakis2018a_m01,0,18,32.4,,1.27
petrakis2018a_rir3,petrakis2018a_m01,11,18,34.1,,1.32
petrakis2018a_rir3,petrakis2018a_m02,0,18,114.3,,4.84
petrakis2018a_rir3,petrakis2018a_m02,11,18,127.9,,4.86
petrakis2018a_rir3,petrakis2018a_m03,0,18,51.8,,1.47
petrakis2018a_rir3,petrakis2018a_m03,11,18,53.7,,1.6
petrakis2018a_rir3,petrakis2018a_m04,0,18,17.5,,1.61
petrakis2018a_rir3,petrakis2018a_m04,11,18,16.2,,1.62
delacroix2014a_f1,delacroix2014a_m01,0,19,5550,1352.9,
delacroix2014a_f1,delacroix2014a_m01,10,19,6204,1356.7,
delacroix2014a_f1,delacroix2014a_m02,0,19,221.4,46.8,
delacroix2014a_f1,delacroix2014a_m02,10,19,277.8,50.22,
delacroix2014a_f1,delacroix2014a_m03,0,19,50.9,5.26,
delacroix2014a_f1,delacroix2014a_m03,10,19,55.6,5.02,
delacroix2014a_f3,delacroix2014a_m01,0,19,5493,1083,
delacroix2014a_f3,delacroix2014a_m01,10,19,6393,1126.6,
delacroix2014a_f3,delacroix2014a_m02,0,19,210.2,42.94,
delacroix2014a_f3,delacroix2014a_m02,10,19,266.8,45.14,
delacroix2014a_f3,delacroix2014a_m03,0,19,51.7,6,
delacroix2014a_f3,delacroix2014a_m03,10,19,51.4,6.26,
rahimi2020a_f1,rahimi2020a_m01,0,18,217.2,47.72,
rahimi2020a_f1,rahimi2020a_m01,15,18,254.7,49.46,
rahimi2020a_f1,rahimi2020a_m02,0,18,51,7.67,
rahimi2020a_f1,rahimi2020a_m02,15,18,54.4,7.5,
rahimi2020a_f1,rahimi2020a_m03,0,18,71,16.96,
rahimi2020a_f1,rahimi2020a_m03,15,18,78.4,17.46,
rahimi2020a_f1,rahimi2020a_m04,0,18,40.2,5.55,
rahimi2020a_f1,rahimi2020a_m04,15,18,42.8,5.34,
rahimi2020a_f3,rahimi2020a_m01,0,13,197.3,40.43,
rahimi2020a_f3,rahimi2020a_m01,15,13,228.4,40.66,
rahimi2020a_f3,rahimi2020a_m02,0,13,54.5,7.17,
rahimi2020a_f3,rahimi2020a_m02,15,13,56,6.86,
rahimi2020a_f3,rahimi2020a_m03,0,13,75.2,17.43,
rahimi2020a_f3,rahimi2020a_m03,15,13,86.5,18.89,
rahimi2020a_f3,rahimi2020a_m04,0,13,42.7,5.93,
rahimi2020a_f3,rahimi2020a_m04,15,13,45.3,6.28,
kaur2025a_2set,kaur2025a_m01,0,16,56.8,6.86,
kaur2025a_2set,kaur2025a_m01,6,16,56.7,7.04,
kaur2025a_2set,kaur2025a_m01,12,16,56,7.23,
kaur2025a_2set,kaur2025a_m02,0,16,346,57.53,
kaur2025a_2set,kaur2025a_m02,6,16,360.4,57.35,
kaur2025a_2set,kaur2025a_m02,12,16,390.1,57.18,
kaur2025a_2set,kaur2025a_m03,0,16,6882,1674.8,
kaur2025a_2set,kaur2025a_m03,6,16,7043,1743.6,
kaur2025a_2set,kaur2025a_m03,12,16,7207,1812.3,
kaur2025a_5set,kaur2025a_m01,0,12,56.1,8.74,
kaur2025a_5set,kaur2025a_m01,6,12,56.4,8.91,
kaur2025a_5set,kaur2025a_m01,12,12,55.2,9.08,
kaur2025a_5set,kaur2025a_m02,0,12,322,71.42,
kaur2025a_5set,kaur2025a_m02,6,12,345.7,73.26,
kaur2025a_5set,kaur2025a_m02,12,12,364.9,75.1,
kaur2025a_5set,kaur2025a_m03,0,12,7485,1283.3,
kaur2025a_5set,kaur2025a_m03,6,12,7484,1280.2,
kaur2025a_5set,kaur2025a_m03,12,12,7367,1277,
yilmaz2003a_2set,yilmaz2003a_m01,0,10,103.7,23.09,
yilmaz2003a_2set,yilmaz2003a_m01,10,10,124.2,22.55,
yilmaz2003a_2set,yilmaz2003a_m02,0,10,26.4,3.76,
yilmaz2003a_2set,yilmaz2003a_m02,10,10,27.2,3.63,
yilmaz2003a_2set,yilmaz2003a_m03,0,10,53.7,6.37,
yilmaz2003a_2set,yilmaz2003a_m03,10,10,56.8,6.71,
yilmaz2003a_2set,yilmaz2003a_m04,0,10,60.6,8.2,
yilmaz2003a_2set,yilmaz2003a_m04,10,10,63.4,8.35,
yilmaz2003a_2set,yilmaz2003a_m05,0,10,14.4,5.76,
yilmaz2003a_2set,yilmaz2003a_m05,10,10,14.5,6.21,
yilmaz2003a_5set,yilmaz2003a_m01,0,19,114,20.31,
yilmaz2003a_5set,yilmaz2003a_m01,10,19,133.3,19.3,
yilmaz2003a_5set,yilmaz2003a_m02,0,19,26.7,3.41,
yilmaz2003a_5set,yilmaz2003a_m02,10,19,29.4,3.63,
yilmaz2003a_5set,yilmaz2003a_m03,0,19,54,8.13,
yilmaz2003a_5set,yilmaz2003a_m03,10,19,56.8,7.91,
yilmaz2003a_5set,yilmaz2003a_m04,0,19,59.4,6.99,
yilmaz2003a_5set,yilmaz2003a_m04,10,19,61.5,6.86,
yilmaz2003a_5set,yilmaz2003a_m05,0,19,15.9,6,
yilmaz2003a_5set,yilmaz2003a_m05,10,19,16.2,6,
abernathy2011a_hl,abernathy2011a_m01,0,13,29.5,5.08,
abernathy2011a_hl,abernathy2011a_m01,5,13,29.6,5.21,
abernathy2011a_hl,abernathy2011a_m01,11,13,30.2,5.34,
abernathy2011a_hl,abernathy2011a_m02,0,13,278,57.42,
abernathy2011a_hl,abernathy2011a_m02,5,13,283.3,57.73,
abernathy2011a_hl,abernathy2011a_m02,11,13,289.6,58.04,
abernathy2011a_ml,abernathy2011a_m01,0,18,30.6,6.17,
abernathy2011a_ml,abernathy2011a_m01,5,18,31.6,6.25,
abernathy2011a_ml,abernathy2011a_m01,11,18,32.1,6.33,
abernathy2011a_ml,abernathy2011a_m02,0,18,256.9,51.62,
abernathy2011a_ml,abernathy2011a_m02,5,18,281.3,51.32,
abernathy2011a_ml,abernathy2011a_m02,11,18,289,51.03,
abernathy2011a_ll,abernathy2011a_m01,0,9,30.1,6.06,
abernathy2011a_ll,abernathy2011a_m01,5,9,31.6,6.3,
abernathy2011a_ll,abernathy2011a_m01,11,9,32.1,6.55,
abernathy2011a_ll,abernathy2011a_m02,0,9,259.9,47.75,
abernathy2011a_ll,abernathy2011a_m02,5,9,265.1,47.19,
abernathy2011a_ll,abernathy2011a_m02,11,9,278.6,46.62,
